supplier_gstin,invoice_no,supplier_invoice_no,expected_status,note
07BYXCJ8750O3Z5, BILL/25-26/7912 ,BILL/25-26/7912,invoice_no_format_mismatch,"Books has ' BILL/25-26/7912 ', supplier has 'BILL/25-26/7912'"
27ZIVCG3687W1ZL,TI/25-26/2170,TI/25-26/2170,matched,
09SHVCF0353R7ZV,INV/25-26/6164,INV/25-26/6164,matched,
24PZQCM4014B2ZP,TI/25-26/7291,TI/25-26/7291,missing_in_supplier_data,"In books, supplier has not reported (no ITC yet)"
09UDDCG2641C9ZQ,GST/25-26/7108,GST/25-26/7108,matched,
19YUDCQ5022S8ZG,GST/25-26/1524,GST/25-26/1524,matched,
09ZSHCE1629K2Z8,INV/25-26/1356,INV/25-26/1356,matched,
24PZQCM4014B2ZP,INV/25-26/4783,INV/25-26/4783,matched,
07DCOCC5396U2ZX,TI/25-26/7958,TI/25-26/7958,matched,
07DCOCC5396U2ZX,INV/25-26/6743,INV/25-26/6743,matched,
24WYTCT1059U6ZY,BILL/25-26/8854,BILL/25-26/8854,matched,
09UDDCG2641C9ZQ,INV/25-26/7450,INV/25-26/7450,matched,
19RZTCM1176Q5ZS,TI/25-26/2964,TI/25-26/2964,amount_mismatch,Supplier taxable value higher by 1841.31
19IJRCZ2069Q4ZG,GST/25-26/934,GST/25-26/934,matched,
24HSKCR4177I7ZK,INV/25-26/5637,INV/25-26/5637,matched,
24PZQCM4014B2ZP,GST/25-26/5001,GST/25-26/5001,matched,
19VIUCM0424T4ZE,BILL/25-26/3662,BILL/25-26/3662,matched,
09ZSHCE1629K2Z8,INV/25-26/7686,INV/25-26/7686,amount_mismatch,Supplier taxable value higher by 2717.89
07DCOCC5396U2ZX,BILL/25-26/5482,BILL/25-26/5482,matched,
09ZSHCE1629K2Z8,TI/25-26/6687,TI/25-26/6687,matched,
09UDDCG2641C9ZQ,TI/25-26/1488,TI/25-26/1488,matched,
19YUDCQ5022S8ZG,INV/25-26/8085,INV/25-26/8085,matched,
24WYTCT1059U6ZY,TI/25-26/7811,TI/25-26/7811,matched,
24NZJCR8365G2ZC,TI/25-26/8888,TI/25-26/8888,matched,
19HQJCD1910C2Z5,TI/25-26/2391,TI/25-26/2391,matched_within_tolerance,Rounding difference 0.18
09UDDCG2641C9ZQ,ti/25-26/1913,TI/25-26/1913,invoice_no_format_mismatch,"Books has 'ti/25-26/1913', supplier has 'TI/25-26/1913'"
09RPLCP4769E4ZN,BILL/25-26/5526,BILL/25-26/5526,matched,
07CCTCG1902S6ZI,GST/25-26/2046,GST/25-26/2046,matched,
36ADWCG2198T9ZN,GST/25-26/6651,GST/25-26/6651,matched,
24UDUCI0161D7ZO,TI/25-26/1897,TI/25-26/1897,matched,
07DRUCW0562T6ZT,GST/25-26/8292,GST/25-26/8292,matched,
24WYTCT1059U6ZY,GST/25-26/7139,GST/25-26/7139,matched,
24WYTCT1059U6ZY,BILL/25-26/1453,BILL/25-26/1453,matched,
24HSKCR4177I7ZK,TI/25-26/4187,TI/25-26/4187,matched,
19HQJCD1910C2Z5,TI/25-26/7131,TI/25-26/7131,matched,
09RPLCP4769E4ZN,TI/25-26/3191,TI/25-26/3191,matched,
09SHVCF0353R7ZV,INV/25-26/4586,INV/25-26/4586,matched,
09RPLCP4769E4ZN,TI/25-26/1589,TI/25-26/1589,matched,
24YOACB0667R4ZY,TI/25-26/3733,TI/25-26/3733,gstin_mismatch,One character wrong in books GSTIN
29TFRCD2960T3ZA,BILL/25-26/946,BILL/25-26/946,matched,
09ZSHCE1629K2Z8,GST/25-26/6949,GST/25-26/6949,matched,
24PZQCM4014B2ZP,INV/25-26/108,INV/25-26/108,matched,
24YOACB0667R4ZY,GST/25-26/7834,GST/25-26/7834,gstin_mismatch,One character wrong in books GSTIN
19HQJCD1910C2Z5,TI/25-26/4233,TI/25-26/4233,matched,
07DCOCC5396U2ZX,INV/25-26/323,INV/25-26/323,amount_mismatch,Supplier taxable value higher by 4655.03
27ZIVCG3687W1ZL,GST/25-26/4003,GST/25-26/4003,matched,
19HQJCD1910C2Z5,INV/25-26/2237,INV/25-26/2237,matched,
29HWOCU3534P5ZY,TI/25-26/7403,TI/25-26/7403,matched,
07DRUCW0562T6ZT,GST/25-26/5039,GST/25-26/5039,missing_in_books,"Supplier reported, not recorded in purchase register"
19VIUCM0424T4ZE,INV25-262194,INV/25-26/2194,invoice_no_format_mismatch,"Books has 'INV25-262194', supplier has 'INV/25-26/2194'"
09RPLCP4769E4ZN,GST/25-26/6096,GST/25-26/6096,matched,
19LYRCW2346R4ZE,INV/25-26/8010,INV/25-26/8010,missing_in_books,"Supplier reported, not recorded in purchase register"
36ADWCG2198T9ZN,INV/25-26/2835,INV/25-26/2835,matched,
19HQJCD1910C2Z5,INV/25-26/9376,INV/25-26/9376,matched,
24YOACB9667R4ZY,BILL25-268210,BILL/25-26/8210,invoice_no_format_mismatch,"Books has 'BILL25-268210', supplier has 'BILL/25-26/8210'"
24SWOCT1623B3ZU,TI/25-26/7272,TI/25-26/7272,matched,
24UDUCI0161D7ZO,BILL/25-26/4548,BILL/25-26/4548,matched,
36TASCS1670V3ZY,TI/25-26/9801,TI/25-26/9801,matched,
24WYTCT1059U6ZY,BILL/25-26/8354,BILL/25-26/8354,missing_in_books,"Supplier reported, not recorded in purchase register"
19YUDCQ5022S8ZG,GST/25-26/4499,GST/25-26/4499,matched,
29HWOCU3534P5ZY,TI/25-26/4881,TI/25-26/4881,matched,
07CCTCG1902S6ZI,TI/25-26/4530,TI/25-26/4530,matched,
24YOACB9667R4ZY,INV/25-26/122,INV/25-26/122,matched,
09UDDCG2641C9ZQ,GST/25-26/1463,GST/25-26/1463,matched,
19MRYCU6150Y2Z3,GST/25-26/5418,GST/25-26/5418,matched,
24YOACB9667R4ZY, TI/25-26/4682 ,TI/25-26/4682,invoice_no_format_mismatch,"Books has ' TI/25-26/4682 ', supplier has 'TI/25-26/4682'"
36SOCCK9509Z1ZT,INV/25-26/6358,INV/25-26/6358,matched,
19MRYCU6150Y2Z3,TI/25-26/7344,TI/25-26/7344,matched,
19REBCL7763F1ZH,BILL/25-26/2650,BILL/25-26/2650,matched,
19LYRCW2346R4ZE,GST/25-26/2530,GST/25-26/2530,matched,
19VIUCM0424T4ZE,TI/25-26/2985,TI/25-26/2985,matched,
09RPLCP4769E4ZN,GST/25-26/444,GST/25-26/444,matched,
09ZSHCE1629K2Z8,TI/25-26/1237,TI/25-26/1237,matched,
09SHVCF0353R7ZV,BILL/25-26/1742,BILL/25-26/1742,matched,
19YUDCQ5022S8ZG,INV/25-26/6291,INV/25-26/6291,matched,
07BYXCJ8750O3Z5,INV/25-26/2265,INV/25-26/2265,matched,
24PZQCM4014B2ZP,INV/25-26/253,INV/25-26/253,matched,
07DRUCW0562T6ZT,INV/25-26/3414,INV/25-26/3414,matched,
27ZIVCG3687W1ZL,TI/25-26/5136,TI/25-26/5136,matched,
29TFRCD2960T3ZA,GST/25-26/9006,GST/25-26/9006,missing_in_supplier_data,"In books, supplier has not reported (no ITC yet)"
29HWOCU3534P5ZY,GST/25-26/1780,GST/25-26/1780,matched,
24UDUCI0161D7ZO,INV/25-26/3775,INV/25-26/3775,matched,
19RUZCN3823H5ZH,GST/25-26/4799,GST/25-26/4799,amount_mismatch,Supplier taxable value higher by 4702.7
19REBCL7763F1ZH,INV/25-26/8157,INV/25-26/8157,matched,
19RZTCM1176Q5ZS,GST/25-26/1349,GST/25-26/1349,matched,
29TFRCD2960T3ZA,INV/25-26/2575,INV/25-26/2575,missing_in_books,"Supplier reported, not recorded in purchase register"
36SOCCK9509Z1ZT,TI/25-26/7067,TI/25-26/7067,matched,
09SHVCF0353R7ZV,GST/25-26/5807,GST/25-26/5807,matched,
07DRUCW0562T6ZT,GST/25-26/1351,GST/25-26/1351,matched,
24WYTCT1059U6ZY,TI/25-26/5347,TI/25-26/5347,matched,
09SHVCF0353R7ZV,INV/25-26/1954,INV/25-26/1954,missing_in_supplier_data,"In books, supplier has not reported (no ITC yet)"
24HSKCR4177I7ZK,GST/25-26/2189,GST/25-26/2189,matched,
36SOCCK9509Z1ZT,BILL/25-26/7044,BILL/25-26/7044,matched,
19VIUCM0424T4ZE,GST/25-26/2364,GST/25-26/2364,matched,
24PZQCM4014B2ZP,BILL/25-26/8824,BILL/25-26/8824,matched,
24SWOCT1623B3ZU,BILL/25-26/8733,BILL/25-26/8733,matched,
19REBCL7763F1ZH,INV25-263430,INV/25-26/3430,invoice_no_format_mismatch,"Books has 'INV25-263430', supplier has 'INV/25-26/3430'"
19RUZCN3823H5ZH,INV/25-26/1076,INV/25-26/1076,matched,
09UDDCG2641C9ZQ,GST/25-26/7643,GST/25-26/7643,matched,
09SHVCF0353R7ZV,TI/25-26/3552,TI/25-26/3552,matched,
19REBCL7763F1ZH,TI/25-26/6284,TI/25-26/6284,matched,
19RUZCN3823H5ZH,INV/25-26/1836,INV/25-26/1836,matched,
19IJRCZ2069Q4ZG,INV/25-26/2506,INV/25-26/2506,matched,
27CDHCR2811N1ZP,INV/25-26/9425,INV/25-26/9425,matched_within_tolerance,Rounding difference 0.3
36ADWCG2198T9ZN,TI/25-26/8741,TI/25-26/8741,matched,
09ZSHCE1629K2Z8,BILL/25-26/316,BILL/25-26/316,matched,
36AOOCI1549Z3ZY,TI/25-26/8345,TI/25-26/8345,matched,
19RZTCM1176Q5ZS,BILL/25-26/9179,BILL/25-26/9179,missing_in_books,"Supplier reported, not recorded in purchase register"
19MRYCU6150Y2Z3,TI/25-26/7041,TI/25-26/7041,matched,
19RZTCM1176Q5ZS,BILL/25-26/2150,BILL/25-26/2150,matched,
36TASCS1670V3ZY,BILL/25-26/3109,BILL/25-26/3109,matched,
19IJRCZ2069Q4ZG,GST/25-26/6737,GST/25-26/6737,matched,
07BYXCJ8750O3Z5,BILL/25-26/3290,BILL/25-26/3290,matched,
19HQJCD1910C2Z5,GST/25-26/559,GST/25-26/559,matched,
24PZQCM4014B2ZP,INV/25-26/3571,INV/25-26/3571,missing_in_supplier_data,"In books, supplier has not reported (no ITC yet)"
24WYTCT1059U6ZY,TI/25-26/630,TI/25-26/630,matched,
24PZQCM4014B2ZP,INV/25-26/9336,INV/25-26/9336,matched,
19VIUCM0424T4ZE,GST/25-26/238,GST/25-26/238,matched,
09UDDCG2641C9ZQ,TI/25-26/5252,TI/25-26/5252,matched,
24NZJCR8365G2ZC,INV/25-26/5528,INV/25-26/5528,matched,
36ADWCG2198T9ZN,TI/25-26/488,TI/25-26/488,matched,
07BYXCJ8750O3Z5,GST/25-26/2741,GST/25-26/2741,matched,
09SHVCF0353R7ZV,TI/25-26/3633,TI/25-26/3633,matched,
09SHVCF0353R7ZV,GST/25-26/7431,GST/25-26/7431,missing_in_supplier_data,"In books, supplier has not reported (no ITC yet)"
27ZIVCG3687W1ZL,BILL/25-26/755,BILL/25-26/755,matched,
07BYXCJ8750O3Z5,INV/25-26/2596,INV/25-26/2596,matched,
07DCOCC5396U2ZX,GST/25-26/9064,GST/25-26/9064,matched,
19AWICJ3586P8ZJ,TI/25-26/4943,TI/25-26/4943,matched,
19RZTCM1176Q5ZS,GST/25-26/1561,GST/25-26/1561,matched,
19IJRCZ2069Q4ZG,GST/25-26/7853,GST/25-26/7853,matched,
19MRYCU6150Y2Z3,INV/25-26/9418,INV/25-26/9418,amount_mismatch,Supplier taxable value higher by 3302.44
07DCOCC5396U2ZX,BILL/25-26/6801,BILL/25-26/6801,matched,
27ZIVCG3687W1ZL,GST/25-26/6222,GST/25-26/6222,matched,
19AWICJ3586P8ZJ,GST/25-26/799,GST/25-26/799,matched,
24YOACB9667R4ZY,INV/25-26/2632,INV/25-26/2632,matched,
07DRUCJ0562T6ZT,BILL/25-26/1295,BILL/25-26/1295,gstin_mismatch,One character wrong in books GSTIN
19REBCL7763F1ZH,GST/25-26/7732,GST/25-26/7732,matched,
07ZSFCL9234V9ZK,INV/25-26/1506,INV/25-26/1506,matched,
36SOCCK9509Z1ZT,BILL/25-26/3368,BILL/25-26/3368,matched,
24NZJCR8365G2ZC,BILL/25-26/3583,BILL/25-26/3583,matched,
19VIUCM0424T4ZE,TI/25-26/7799,TI/25-26/7799,missing_in_supplier_data,"In books, supplier has not reported (no ITC yet)"
09SHVCF0353R7ZV,INV/25-26/9948,INV/25-26/9948,matched,
07BYXCJ8750O3Z5,BILL/25-26/7856,BILL/25-26/7856,matched,
36TASCS1670V3ZY,BILL/25-26/4521,BILL/25-26/4521,matched,
19MRYCU6150Y2Z3,INV/25-26/4587,INV/25-26/4587,matched,
24NZJCR8365G2ZC,BILL/25-26/8697,BILL/25-26/8697,missing_in_supplier_data,"In books, supplier has not reported (no ITC yet)"
36TASCS1670V3ZY,INV-25-26-1614,INV/25-26/1614,invoice_no_format_mismatch,"Books has 'INV-25-26-1614', supplier has 'INV/25-26/1614'"
24HSKCR4177I7ZK,TI/25-26/3353,TI/25-26/3353,missing_in_books,"Supplier reported, not recorded in purchase register"
09UDDCG2641C9ZQ,TI/25-26/7256,TI/25-26/7256,missing_in_books,"Supplier reported, not recorded in purchase register"
09UDDCG2641C9ZQ,INV/25-26/9289,INV/25-26/9289,matched,
09RPLCP4769E4ZN,TI/25-26/5404,TI/25-26/5404,matched,
33KSKCR8684P2Z7,TI/25-26/8282,TI/25-26/8282,matched,
33KSKCR8684P2Z7,GST/25-26/8631,GST/25-26/8631,matched,
24WYTCT1059U6ZY,BILL25-269576,BILL/25-26/9576,invoice_no_format_mismatch,"Books has 'BILL25-269576', supplier has 'BILL/25-26/9576'"
07DRUCW0562T6ZT,BILL/25-26/9047,BILL/25-26/9047,matched,
19RZTCM1176Q5ZS,TI/25-26/3231,TI/25-26/3231,matched,
24WYTCT1059U6ZY,GST/25-26/5129,GST/25-26/5129,matched,
24UDUCI0161D7ZO,BILL/25-26/6883,BILL/25-26/6883,matched,
36ADWCG2198T9ZN,BILL/25-26/8671,BILL/25-26/8671,matched,
29TFRCD2960T3ZA,BILL/25-26/6213,BILL/25-26/6213,matched,
36SOCCK9509Z1ZT,BILL/25-26/6351,BILL/25-26/6351,missing_in_supplier_data,"In books, supplier has not reported (no ITC yet)"
36AOOCI1549Z3ZY,GST/25-26/1725,GST/25-26/1725,matched_within_tolerance,Rounding difference 0.9
19AWICJ3586P8ZJ,INV/25-26/6838,INV/25-26/6838,matched,
07DRUCW0562T6ZT,INV/25-26/7376,INV/25-26/7376,matched,
24UDUCI0161D7ZO,BILL/25-26/3571,BILL/25-26/3571,matched,
19REBCL7763F1ZH,INV/25-26/3304,INV/25-26/3304,missing_in_supplier_data,"In books, supplier has not reported (no ITC yet)"
19VIUCM0424T4ZE,BILL/25-26/6584,BILL/25-26/6584,matched,
24WYTCT1059U6ZY,GST/25-26/4484,GST/25-26/4484,matched,
19MRYCU6150Y2Z3,TI/25-26/168,TI/25-26/168,matched,
36ADWCG2198T9ZN,GST/25-26/8602,GST/25-26/8602,matched,
33KSKCR8684P2Z7, BILL/25-26/4062 ,BILL/25-26/4062,invoice_no_format_mismatch,"Books has ' BILL/25-26/4062 ', supplier has 'BILL/25-26/4062'"
24NZJCR8365G2ZC,INV/25-26/9567,INV/25-26/9567,matched,
24HSKCR4177I7ZK,TI/25-26/6704,TI/25-26/6704,matched,
33KSKCR8684P2Z7,INV/25-26/2169,INV/25-26/2169,missing_in_books,"Supplier reported, not recorded in purchase register"
24UDUCI0161D7ZO,GST/25-26/9158,GST/25-26/9158,matched,
19RZTCM1176Q5ZS,INV/25-26/7266,INV/25-26/7266,matched,
24WYTCT1059U6ZY,INV/25-26/9007,INV/25-26/9007,matched,
19AWICJ3586P8ZJ,BILL/25-26/5967,BILL/25-26/5967,matched,
36SOCCK9509Z1ZT,GST/25-26/3275,GST/25-26/3275,matched,
24SWOCT1623B3ZU,GST/25-26/947,GST/25-26/947,matched,
19HQJCD1910C2Z5,INV/25-26/1917,INV/25-26/1917,matched,
07ZSFCL9234V9ZK,TI/25-26/4727,TI/25-26/4727,matched,
19MRYCU6150Y2Z3,BILL/25-26/6021,BILL/25-26/6021,matched,
36TASCS1670V3ZY,BILL/25-26/1305,BILL/25-26/1305,matched_within_tolerance,Rounding difference 0.41
07DCOCC5396U2ZX,BILL/25-26/5237,BILL/25-26/5237,matched,
19LYRCW2346R4ZE,INV/25-26/3027,INV/25-26/3027,matched,
07CCTCG1902S6ZI,BILL/25-26/993O,BILL/25-26/9930,invoice_no_format_mismatch,"Books has 'BILL/25-26/993O', supplier has 'BILL/25-26/9930'"
24SWOCT1623B3ZU,INV-25-26-3259,INV/25-26/3259,invoice_no_format_mismatch,"Books has 'INV-25-26-3259', supplier has 'INV/25-26/3259'"
19RUZCN3823H5ZH,TI/25-26/3643,TI/25-26/3643,matched,
27CDHCR2811N1ZP,GST/25-26/2370,GST/25-26/2370,matched,
19REBCL7763F1ZH,GST/25-26/4583,GST/25-26/4583,missing_in_books,"Supplier reported, not recorded in purchase register"
19VIUCM0424T4ZE,GST/25-26/7752,GST/25-26/7752,matched,
07DCOCC5396U2ZX,TI/25-26/4197,TI/25-26/4197,matched,
36SOCCK9509Z1ZT,BILL/25-26/1785,BILL/25-26/1785,matched,
09ZSHCE1629K2Z8,BILL/25-26/7409,BILL/25-26/7409,matched,
24HSKCR4177I7ZK,INV/25-26/6375,INV/25-26/6375,missing_in_books,"Supplier reported, not recorded in purchase register"
24HSKCR4177I7ZK,INV/25-26/7463,INV/25-26/7463,matched,
19RZTCM1176Q5ZS,GST/25-26/9715,GST/25-26/9715,matched,
36ADWCG2198T9ZN,GST/25-26/6625,GST/25-26/6625,matched,
19RUZCN3823H5ZH,BILL/25-26/3146,BILL/25-26/3146,matched,
09UDDCG2641C9ZQ,GST/25-26/2476,GST/25-26/2476,matched,
33KCKCR8684P2Z7,GST/25-26/3602,GST/25-26/3602,gstin_mismatch,One character wrong in books GSTIN
07ZSFCL9234V9ZK,INV/25-26/6417,INV/25-26/6417,matched,
36AOOCI1549Z3ZY,INV/25-26/9290,INV/25-26/9290,missing_in_supplier_data,"In books, supplier has not reported (no ITC yet)"
19HQJCD1910C2Z5,BILL/25-26/7230,BILL/25-26/7230,missing_in_books,"Supplier reported, not recorded in purchase register"
33KSKCR8684P2Z7,INV/25-26/8192,INV/25-26/8192,matched,
07DCOCC5396U2ZX,INV-25-26-2133,INV/25-26/2133,invoice_no_format_mismatch,"Books has 'INV-25-26-2133', supplier has 'INV/25-26/2133'"
19LYRCW2346R4ZE,BILL/25-26/3973,BILL/25-26/3973,missing_in_supplier_data,"In books, supplier has not reported (no ITC yet)"
19RUZCN3823H5ZH,INV/25-26/7665,INV/25-26/7665,matched,
36AOOCI1549Z3ZY,INV/25-26/8840,INV/25-26/8840,matched,
19YUDCQ5022S8ZG,INV/25-26/7798,INV/25-26/7798,matched,
07DRUCW0562T6ZT,GST/25-26/5296,GST/25-26/5296,matched,
09UDDCG2641C9ZQ,BILL/25-26/871,BILL/25-26/871,matched_within_tolerance,Rounding difference 0.7
24NZJCR8365G2ZC,BILL/25-26/2089,BILL/25-26/2089,matched,
27CDUCR2811N1ZP,INV/25-26/270,INV/25-26/270,gstin_mismatch,One character wrong in books GSTIN
27ZIVCG3687W1ZL,TI/25-26/2888,TI/25-26/2888,matched,
19AWICJ3586P8ZJ,INV/25-26/960,INV/25-26/960,matched,
19MRYCU6150Y2Z3,INV/25-26/5085,INV/25-26/5085,matched,
19IJRCZ2069Q4ZG,BILL/25-26/4522,BILL/25-26/4522,matched,
19RZTCM1176Q5ZS,INV/25-26/2169,INV/25-26/2169,matched,
33KSKCR8684P2Z7,BILL/25-26/7420,BILL/25-26/7420,matched,
29HWOCU3534P5ZY,BILL/25-26/8129,BILL/25-26/8129,matched,
19HQJCD1910C2Z5,TI/25-26/1604,TI/25-26/1604,matched,
19MRYCU6150Y2Z3,GST/25-26/9250,GST/25-26/9250,matched,
24PZQCM4014B2ZP,INV/25-26/1331,INV/25-26/1331,matched,
07DCOCC5396U2ZX,BILL/25-26/6408,BILL/25-26/6408,matched,
09RPLCP4769E4ZN,GST/25-26/5208,GST/25-26/5208,missing_in_supplier_data,"In books, supplier has not reported (no ITC yet)"
07ZSFCL9234V9ZK,INV/25-26/2230,INV/25-26/2230,matched,
19REBCL7763F1ZH,TI/25-26/6656,TI/25-26/6656,matched,
09RPLCP4769E4ZN,GST/25-26/9557,GST/25-26/9557,matched,
07DRUCW0562T6ZT,INV/25-26/4041,INV/25-26/4041,matched,
19RUZCN3823H5ZH,INV/25-26/7902,INV/25-26/7902,missing_in_books,"Supplier reported, not recorded in purchase register"
19YUDCQ5022S8ZG,INV/25-26/5906,INV/25-26/5906,amount_mismatch,Supplier taxable value higher by 1192.91
24HSKCR4177I7ZK,BILL/25-26/8421,BILL/25-26/8421,matched,
29TFRCD2960T3ZA,INV/25-26/905,INV/25-26/905,matched,
07BYXCJ8750O3Z5,GST/25-26/3203,GST/25-26/3203,matched,
24NZJCR8365G2ZC,BILL/25-26/8597,BILL/25-26/8597,matched,
24HSKCR4177I7ZK,INV/25-26/3697,INV/25-26/3697,missing_in_books,"Supplier reported, not recorded in purchase register"
29HWOCU3534W5ZY,GST/25-26/4011,GST/25-26/4011,gstin_mismatch,One character wrong in books GSTIN
19IJRCZ2069Q4ZG,BILL/25-26/6521,BILL/25-26/6521,missing_in_books,"Supplier reported, not recorded in purchase register"
24NZJCR8365G2ZC,BILL/25-26/3470,BILL/25-26/3470,matched,
19RZTCM1176Q5ZS,GST/25-26/150,GST/25-26/150,matched,
07DRUCW0562T6ZT,BILL/25-26/5102,BILL/25-26/5102,matched,
24PZQCM4014B2ZP,TI/25-26/3169,TI/25-26/3169,matched,
29TFRCD2960T3ZA,BILL/25-26/7111,BILL/25-26/7111,matched,
29TFRCD2960T3ZA,INV/25-26/2897,INV/25-26/2897,matched,
24WYTCT1059U6ZY,INV/25-26/8100,INV/25-26/8100,matched,
24PZQCM4014B2ZP,GST/25-26/3840,GST/25-26/3840,missing_in_books,"Supplier reported, not recorded in purchase register"
19YUDCQ5022S8ZG,INV/25-26/1738,INV/25-26/1738,matched,
09ZSHCE1629K2Z8,BILL/25-26/5847,BILL/25-26/5847,matched,
24SWOCT1623B3ZU,GST/25-26/7616,GST/25-26/7616,matched,
24WYTCT1059U6ZY,BILL/25-26/1947,BILL/25-26/1947,matched,
19HQJCD1910C2Z5,TI/25-26/6822,TI/25-26/6822,matched,
19REBCL7763F1ZH,BILL/25-26/606,BILL/25-26/606,matched,
24PZQCM4014B2ZP,GST/25-26/3480,GST/25-26/3480,matched,
19AWICJ3586P8ZJ,INV/25-26/4587,INV/25-26/4587,matched,
24SWOCT1623B3ZU,TI/25-26/4446,TI/25-26/4446,matched,
09UDDCG2641C9ZQ,BILL/25-26/4626,BILL/25-26/4626,matched,
09ZSHCE1629K2Z8,GST/25-26/2114,GST/25-26/2114,matched,
24HSKCR4177I7ZK,GST/25-26/1905,GST/25-26/1905,matched,
24WYTCT1059U6ZY,BILL/25-26/2561,BILL/25-26/2561,matched,
19YUDCQ5022S8ZG,GST/25-26/8076,GST/25-26/8076,matched,
36AOOCI1549Z3ZY,BILL/25-26/770,BILL/25-26/770,matched,
36TASCS1670V3ZY,INV/25-26/8101,INV/25-26/8101,matched,
09ZSHCE1629K2Z8,INV/25-26/4219,INV/25-26/4219,matched,
27ZIVCG3687W1ZL,TI/25-26/1509,TI/25-26/1509,matched,
19HQJCD1910C2Z5,BILL/25-26/9688,BILL/25-26/9688,matched,
19AWICJ3586P8ZJ,GST/25-26/4175,GST/25-26/4175,matched,
07BYXCJ8750O3Z5,GST/25-26/5048,GST/25-26/5048,matched,
09ZSHCE1629K2Z8,TI/25-26/3368,TI/25-26/3368,matched,
19MRYCU6150Y2Z3,GST/25-26/5097,GST/25-26/5097,matched,
19AWICJ3586P8ZJ,TI/25-26/6259,TI/25-26/6259,matched,
24HSKCR4177I7ZK,GST/25-26/8354,GST/25-26/8354,matched,
09UDDCG2641C9ZQ,BILL/25-26/6821,BILL/25-26/6821,matched,
07ZSFCL9234V9ZK,BILL/25-26/1548,BILL/25-26/1548,matched,
27ZIVCG3687W1ZL,GST/25-26/2185,GST/25-26/2185,missing_in_supplier_data,"In books, supplier has not reported (no ITC yet)"
24SWOCT1623B3ZU,INV/25-26/6533,INV/25-26/6533,matched_within_tolerance,Rounding difference 0.2
27ZIVCG3687W1ZL,BILL/25-26/990,BILL/25-26/990,matched,
19AWICJ3586P8ZJ,GST/25-26/9837,GST/25-26/9837,matched,
07DRUCW0562T6ZT,GST/25-26/1097,GST/25-26/1097,missing_in_supplier_data,"In books, supplier has not reported (no ITC yet)"
29HWOCU3534P5ZY,INV/25-26/3459,INV/25-26/3459,matched,
19YUDCQ5022S8ZG,TI/25-26/3762,TI/25-26/3762,matched,
09SHVCF0353R7ZV,BILL/25-26/3388,BILL/25-26/3388,matched,
29HWOCU3534P5ZY,INV/25-26/8616,INV/25-26/8616,matched,
07DRUCW0562T6ZT,INV/25-26/8387,INV/25-26/8387,matched,
19LYRCW2346R4ZE,GST/25-26/6728,GST/25-26/6728,matched,
19VIUCM0424T4ZE,GST/25-26/7294,GST/25-26/7294,matched,
29HWOCU3534P5ZY,TI/25-26/2421,TI/25-26/2421,matched,
24PZQCM4014B2ZP,TI/25-26/7901,TI/25-26/7901,matched,
19VIUCM0424T4ZE,BILL/25-26/6118,BILL/25-26/6118,matched,
19HQJCD1910C2Z5,BILL/25-26/6930,BILL/25-26/6930,matched,
24HSKCR4177I7ZK,INV/25-26/9344,INV/25-26/9344,matched,
07BYXCJ8750O3Z5,BILL/25-26/798,BILL/25-26/798,matched,
09UDDCG2641C9ZQ,GST/25-26/249,GST/25-26/249,matched,
19RZTCM1176Q5ZS,TI/25-26/5815,TI/25-26/5815,matched,
19YUDCQ5022S8ZG,TI/25-26/5864,TI/25-26/5864,missing_in_supplier_data,"In books, supplier has not reported (no ITC yet)"
29TFRCD2960T3ZA,GST/25-26/5063,GST/25-26/5063,matched_within_tolerance,Rounding difference 0.6
24NZJCR8365G2ZC,BILL/25-26/7829,BILL/25-26/7829,matched,
36SOCCK9509Z1ZT,GST/25-26/2220,GST/25-26/2220,missing_in_supplier_data,"In books, supplier has not reported (no ITC yet)"
33KSKCR8684P2Z7,BILL/25-26/1207,BILL/25-26/1207,matched,
07CCTCG1902S6ZI,TI/25-26/1681,TI/25-26/1681,matched,
07DRUCW0562T6ZT,GST/25-26/3893,GST/25-26/3893,matched,
24PZQCM4014B2ZP,BILL/25-26/6982,BILL/25-26/6982,matched,
19IJRCZ2069Q4ZG,INV/25-26/1294,INV/25-26/1294,matched,
19LYRCW2346R4ZE,TI/25-26/5361,TI/25-26/5361,matched,
07DRUCW0562T6ZT,TI/25-26/3306,TI/25-26/3306,matched,
19MRYCU6150Y2Z3,TI/25-26/3396,TI/25-26/3396,missing_in_supplier_data,"In books, supplier has not reported (no ITC yet)"
19RZTCM1176Q5ZS,INV/25-26/9637,INV/25-26/9637,matched,
19RUZCN3823H5ZH,TI/25-26/644,TI/25-26/644,matched,
27ZIVCG3687W1ZL,INV/25-26/5682,INV/25-26/5682,matched,
36SOCCK9509Z1ZT,BILL/25-26/3215,BILL/25-26/3215,missing_in_supplier_data,"In books, supplier has not reported (no ITC yet)"
36TASCS1670V3ZY,GST/25-26/5940,GST/25-26/5940,matched,
27ZIVCG3687W1ZL,BILL/25-26/1261,BILL/25-26/1261,matched,
19AWICJ3586P8ZJ,INV/25-26/2032,INV/25-26/2032,matched,
07DCOCC5396U2ZX,GST/25-26/469,GST/25-26/469,matched,
19REBCL7763F1ZH,BILL/25-26/5963,BILL/25-26/5963,matched,
19IJRCZ2069Q4ZG,INV/25-26/8855,INV/25-26/8855,matched,
24PZQCM4014B2ZP,GST/25-26/6640,GST/25-26/6640,matched,
24YOACB9667R4ZY,BILL/25-26/4409,BILL/25-26/4409,matched,
19RUZCN3823H5ZH,TI/25-26/5581,TI/25-26/5581,amount_mismatch,Supplier taxable value higher by 4778.14
