file,layout,supplier_name,supplier_gstin,invoice_no,invoice_date,line_count,taxable_value,cgst,sgst,igst,correct_total,printed_total,validation_issue,line_items
invoice_01.pdf,1,Buch-Kaul,19MRYCU6150Y2Z3,INV/25-26/9418,2025-09-25,3,315944.4,0.0,0.0,56869.99,372814.39,372814.39,,"[{""description"": ""Office chairs"", ""qty"": 47, ""rate"": 6500, ""amount"": 305500}, {""description"": ""Barcode labels"", ""qty"": 1452, ""rate"": 2.2, ""amount"": 3194.4}, {""description"": ""Laptop stand"", ""qty"": 5, ""rate"": 1450, ""amount"": 7250}]"
invoice_02.pdf,2,"Rastogi, Pathak and Kanda",19VIUCM0424T4ZE,TI/25-26/2985,2025-09-03,1,40000.0,0.0,0.0,4800.0,44800.0,44800.0,,"[{""description"": ""LED panels"", ""qty"": 32, ""rate"": 1250, ""amount"": 40000}]"
invoice_03.pdf,3,"Rastogi, Pathak and Kanda",19VIUCM0424T4ZE,BILL/25-26/6584,2025-09-04,5,234944.5,0.0,0.0,42290.01,277234.51,277234.51,,"[{""description"": ""Corrugated boxes"", ""qty"": 1787, ""rate"": 18.5, ""amount"": 33059.5}, {""description"": ""Printer toner"", ""qty"": 17, ""rate"": 3200, ""amount"": 54400}, {""description"": ""Stretch film"", ""qty"": 4, ""rate"": 380, ""amount"": 1520}, {""description"": ""Packing tape"", ""qty"": 1697, ""rate"": 45, ""amount"": 76365}, {""description"": ""Laptop stand"", ""qty"": 48, ""rate"": 1450, ""amount"": 69600}]"
invoice_04.pdf,4,Kapoor and Sons,19RUZCN3823H5ZH,BILL/25-26/3146,2025-09-04,5,340343.8,0.0,0.0,40841.26,381185.06,381185.06,,"[{""description"": ""LED panels"", ""qty"": 27, ""rate"": 1250, ""amount"": 33750}, {""description"": ""Laptop stand"", ""qty"": 25, ""rate"": 1450, ""amount"": 36250}, {""description"": ""Steel racks"", ""qty"": 18, ""rate"": 8800, ""amount"": 158400}, {""description"": ""Printer toner"", ""qty"": 34, ""rate"": 3200, ""amount"": 108800}, {""description"": ""Barcode labels"", ""qty"": 1429, ""rate"": 2.2, ""amount"": 3143.8}]"
invoice_05.pdf,5,Shanker-Dhar,24HSKCR4177I7ZK,INV/25-26/5637,2025-09-16,5,659636.5,0.0,0.0,118734.57,778371.07,778371.07,,"[{""description"": ""Annual maintenance"", ""qty"": 28, ""rate"": 18000, ""amount"": 504000}, {""description"": ""Stretch film"", ""qty"": 24, ""rate"": 380, ""amount"": 9120}, {""description"": ""Courier services"", ""qty"": 21, ""rate"": 2400, ""amount"": 50400}, {""description"": ""Printer toner"", ""qty"": 19, ""rate"": 3200, ""amount"": 60800}, {""description"": ""Corrugated boxes"", ""qty"": 1909, ""rate"": 18.5, ""amount"": 35316.5}]"
invoice_06.pdf,1,Upadhyay Group,07DCOCC5396U2ZX,BILL/25-26/5237,2025-09-21,1,128000.0,0.0,0.0,15360.0,143360.0,143360.0,,"[{""description"": ""Printer toner"", ""qty"": 40, ""rate"": 3200, ""amount"": 128000}]"
invoice_07.pdf,2,Mutti Group,07BYXCJ8750O3Z5,BILL/25-26/798,2025-09-01,2,340340.0,0.0,0.0,61261.2,401601.2,401601.2,,"[{""description"": ""Annual maintenance"", ""qty"": 18, ""rate"": 18000, ""amount"": 324000}, {""description"": ""Stretch film"", ""qty"": 43, ""rate"": 380, ""amount"": 16340}]"
invoice_08.pdf,3,"Lalla, Bassi and Sharaf",09RPLCP4769E4ZN,GST/25-26/5208,2025-09-16,4,221726.0,0.0,0.0,39910.68,261636.68,262636.68,printed_total_does_not_match,"[{""description"": ""Corrugated boxes"", ""qty"": 1196, ""rate"": 18.5, ""amount"": 22126.0}, {""description"": ""Printer toner"", ""qty"": 22, ""rate"": 3200, ""amount"": 70400}, {""description"": ""LED panels"", ""qty"": 40, ""rate"": 1250, ""amount"": 50000}, {""description"": ""Steel racks"", ""qty"": 9, ""rate"": 8800, ""amount"": 79200}]"
invoice_09.pdf,4,Sen PLC,07DRUCW0562T6ZT,BILL/25-26/9047,2025-09-02,3,446990.0,0.0,0.0,80458.2,527448.2,527448.2,,"[{""description"": ""Steel racks"", ""qty"": 43, ""rate"": 8800, ""amount"": 378400}, {""description"": ""Safety gloves"", ""qty"": 574, ""rate"": 95, ""amount"": 54530}, {""description"": ""Stretch film"", ""qty"": 37, ""rate"": 380, ""amount"": 14060}]"
invoice_10.pdf,5,"Lalla, Bassi and Sharaf",09RPLCP4769E4ZN,GST/25-26/9557,2025-09-03,5,281168.5,0.0,0.0,33740.22,314908.72,314908.72,,"[{""description"": ""LED panels"", ""qty"": 41, ""rate"": 1250, ""amount"": 51250}, {""description"": ""Stretch film"", ""qty"": 40, ""rate"": 380, ""amount"": 15200}, {""description"": ""Safety gloves"", ""qty"": 1726, ""rate"": 95, ""amount"": 163970}, {""description"": ""Corrugated boxes"", ""qty"": 1881, ""rate"": 18.5, ""amount"": 34798.5}, {""description"": ""Laptop stand"", ""qty"": 11, ""rate"": 1450, ""amount"": 15950}]"
invoice_11.pdf,1,Madan-Kanda,09UDDCG2641C9ZQ,GST/25-26/7643,2025-09-12,5,876995.0,0.0,0.0,105239.4,982234.4,982234.4,,"[{""description"": ""Safety gloves"", ""qty"": 706, ""rate"": 95, ""amount"": 67070}, {""description"": ""Annual maintenance"", ""qty"": 38, ""rate"": 18000, ""amount"": 684000}, {""description"": ""Packing tape"", ""qty"": 1383, ""rate"": 45, ""amount"": 62235}, {""description"": ""LED panels"", ""qty"": 47, ""rate"": 1250, ""amount"": 58750}, {""description"": ""Stretch film"", ""qty"": 13, ""rate"": 380, ""amount"": 4940}]"
invoice_12.pdf,2,Chanda Group,19RZTCM1176Q5ZS,INV/25-26/2169,2025-09-30,3,344550.0,0.0,0.0,41346.0,385896.0,385896.0,,"[{""description"": ""Annual maintenance"", ""qty"": 5, ""rate"": 18000, ""amount"": 90000}, {""description"": ""Safety gloves"", ""qty"": 1770, ""rate"": 95, ""amount"": 168150}, {""description"": ""Printer toner"", ""qty"": 27, ""rate"": 3200, ""amount"": 86400}]"
invoice_13.pdf,3,Shanker-Dhar,24HSKCR4177I7ZK,GST/25-26/8354,2025-09-04,3,68595.0,0.0,0.0,12347.1,80942.1,80942.1,,"[{""description"": ""Stretch film"", ""qty"": 4, ""rate"": 380, ""amount"": 1520}, {""description"": ""Laptop stand"", ""qty"": 42, ""rate"": 1450, ""amount"": 60900}, {""description"": ""Safety gloves"", ""qty"": 65, ""rate"": 95, ""amount"": 6175}]"
invoice_14.pdf,4,"Dash, Radhakrishnan and Brar",36TASCS1670V3ZY,INV-25-26-1614,2025-09-22,3,305675.0,27510.75,27510.75,0.0,360696.5,360696.5,,"[{""description"": ""Safety gloves"", ""qty"": 1057, ""rate"": 95, ""amount"": 100415}, {""description"": ""Printer toner"", ""qty"": 48, ""rate"": 3200, ""amount"": 153600}, {""description"": ""Packing tape"", ""qty"": 1148, ""rate"": 45, ""amount"": 51660}]"
invoice_15.pdf,5,Dutta Ltd,19YUDCQ5022S8ZG,TI/25-26/3762,2025-09-05,3,400800.0,0.0,0.0,48096.0,448896.0,448896.0,,"[{""description"": ""Printer toner"", ""qty"": 42, ""rate"": 3200, ""amount"": 134400}, {""description"": ""Courier services"", ""qty"": 23, ""rate"": 2400, ""amount"": 55200}, {""description"": ""Steel racks"", ""qty"": 24, ""rate"": 8800, ""amount"": 211200}]"
invoice_16.pdf,1,"Dash, Radhakrishnan and Brar",36TASCS1670V3ZY,GST/25-26/5940,2025-09-19,1,19110.5,1719.94,1719.94,0.0,22550.38,22550.38,,"[{""description"": ""Corrugated boxes"", ""qty"": 1033, ""rate"": 18.5, ""amount"": 19110.5}]"
invoice_17.pdf,2,Chanda Group,19RZTCM1176Q5ZS,TI/25-26/2964,2025-09-22,5,712265.0,0.0,0.0,128207.7,840472.7,840472.7,,"[{""description"": ""Courier services"", ""qty"": 50, ""rate"": 2400, ""amount"": 120000}, {""description"": ""Steel racks"", ""qty"": 11, ""rate"": 8800, ""amount"": 96800}, {""description"": ""Printer toner"", ""qty"": 21, ""rate"": 3200, ""amount"": 67200}, {""description"": ""Packing tape"", ""qty"": 1517, ""rate"": 45, ""amount"": 68265}, {""description"": ""Annual maintenance"", ""qty"": 20, ""rate"": 18000, ""amount"": 360000}]"
invoice_18.pdf,3,Dewan-Koshy,19LYRCW2346R4ZE,BILL/25-26/3973,2025-09-06,1,124800.0,0.0,0.0,14976.0,139776.0,139776.0,,"[{""description"": ""Printer toner"", ""qty"": 39, ""rate"": 3200, ""amount"": 124800}]"
invoice_19.pdf,4,Kapoor and Sons,19RUZCN3823H5ZH,GST/25-26/4799,2025-09-08,1,73600.0,0.0,0.0,13248.0,86848.0,86848.0,,"[{""description"": ""Printer toner"", ""qty"": 23, ""rate"": 3200, ""amount"": 73600}]"
invoice_20.pdf,5,Chanda Group,19RZTCM1176Q5ZS,INV/25-26/7266,2025-09-11,2,970735.0,0.0,0.0,174732.3,1145467.3,1145467.3,,"[{""description"": ""Annual maintenance"", ""qty"": 47, ""rate"": 18000, ""amount"": 846000}, {""description"": ""Safety gloves"", ""qty"": 1313, ""rate"": 95, ""amount"": 124735}]"
invoice_21.pdf,1,"Rastogi, Pathak and Kanda",19VIUCM0424T4ZE,BILL/25-26/3662,2025-09-10,1,46400.0,0.0,0.0,8352.0,54752.0,54752.0,,"[{""description"": ""Laptop stand"", ""qty"": 32, ""rate"": 1450, ""amount"": 46400}]"
invoice_22.pdf,2,Kaul PLC,19IJRCZ2069Q4ZG,INV/25-26/2506,2025-09-16,2,150000.0,0.0,0.0,18000.0,168000.0,168000.0,,"[{""description"": ""Annual maintenance"", ""qty"": 1, ""rate"": 18000, ""amount"": 18000}, {""description"": ""Steel racks"", ""qty"": 15, ""rate"": 8800, ""amount"": 132000}]"
invoice_23.pdf,3,"Memon, Pathak and Handa",19REBCL7763F1ZH,INV/25-26/3304,2025-09-25,1,100800.0,0.0,0.0,18144.0,118944.0,118944.0,,"[{""description"": ""Courier services"", ""qty"": 42, ""rate"": 2400, ""amount"": 100800}]"
invoice_24.pdf,4,"Sami, Oak and Mall",27ZIVCG3687W1ZL,BILL/25-26/990,2025-09-13,2,93810.0,0.0,0.0,16885.8,110695.8,110795.8,printed_total_does_not_match,"[{""description"": ""Packing tape"", ""qty"": 918, ""rate"": 45, ""amount"": 41310}, {""description"": ""LED panels"", ""qty"": 42, ""rate"": 1250, ""amount"": 52500}]"
invoice_25.pdf,5,Sen PLC,07DRUCW0562T6ZT,GST/25-26/1351,2025-09-09,1,62500.0,0.0,0.0,7500.0,70000.0,70000.0,,"[{""description"": ""LED panels"", ""qty"": 50, ""rate"": 1250, ""amount"": 62500}]"
invoice_26.pdf,1,Sen PLC,07DRUCW0562T6ZT,INV/25-26/8387,2025-09-08,3,405060.0,0.0,0.0,48607.2,453667.2,453667.2,,"[{""description"": ""Stretch film"", ""qty"": 47, ""rate"": 380, ""amount"": 17860}, {""description"": ""Courier services"", ""qty"": 33, ""rate"": 2400, ""amount"": 79200}, {""description"": ""Steel racks"", ""qty"": 35, ""rate"": 8800, ""amount"": 308000}]"
invoice_27.pdf,2,Upadhyay Group,07DCOCC5396U2ZX,GST/25-26/469,2025-09-08,1,5700.0,0.0,0.0,1026.0,6726.0,6726.0,,"[{""description"": ""Stretch film"", ""qty"": 15, ""rate"": 380, ""amount"": 5700}]"
invoice_28.pdf,3,Bhatt-Rajan,24SWOCT1623B3ZU,GST/25-26/7616,2025-09-09,1,34780.0,0.0,0.0,4173.6,38953.6,38953.6,,"[{""description"": ""Corrugated boxes"", ""qty"": 1880, ""rate"": 18.5, ""amount"": 34780.0}]"
invoice_29.pdf,4,Dutta Ltd,19YUDCQ5022S8ZG,INV/25-26/7798,2025-09-02,5,209250.0,0.0,0.0,37665.0,246915.0,246915.0,,"[{""description"": ""Packing tape"", ""qty"": 456, ""rate"": 45, ""amount"": 20520}, {""description"": ""Stretch film"", ""qty"": 26, ""rate"": 380, ""amount"": 9880}, {""description"": ""Steel racks"", ""qty"": 3, ""rate"": 8800, ""amount"": 26400}, {""description"": ""Laptop stand"", ""qty"": 29, ""rate"": 1450, ""amount"": 42050}, {""description"": ""Courier services"", ""qty"": 46, ""rate"": 2400, ""amount"": 110400}]"
invoice_30.pdf,5,"Choudhury, Bakshi and Maharaj",24WYTCT1059U6ZY,BILL25-269576,2025-09-15,2,76543.8,0.0,0.0,9185.26,85729.06,85729.06,,"[{""description"": ""Barcode labels"", ""qty"": 1629, ""rate"": 2.2, ""amount"": 3583.8}, {""description"": ""Safety gloves"", ""qty"": 768, ""rate"": 95, ""amount"": 72960}]"
invoice_31.pdf,1,Rai LLC,19HQJCD1910C2Z5,INV/25-26/9376,2025-09-23,2,390265.0,0.0,0.0,46831.8,437096.8,437096.8,,"[{""description"": ""Safety gloves"", ""qty"": 1987, ""rate"": 95, ""amount"": 188765}, {""description"": ""Office chairs"", ""qty"": 31, ""rate"": 6500, ""amount"": 201500}]"
invoice_32.pdf,2,Kaul PLC,19IJRCZ2069Q4ZG,BILL/25-26/6521,2025-09-18,4,877800.0,0.0,0.0,158004.0,1035804.0,1035804.0,,"[{""description"": ""Annual maintenance"", ""qty"": 7, ""rate"": 18000, ""amount"": 126000}, {""description"": ""Office chairs"", ""qty"": 49, ""rate"": 6500, ""amount"": 318500}, {""description"": ""Steel racks"", ""qty"": 41, ""rate"": 8800, ""amount"": 360800}, {""description"": ""Laptop stand"", ""qty"": 50, ""rate"": 1450, ""amount"": 72500}]"
invoice_33.pdf,3,Bhatt-Rajan,24SWOCT1623B3ZU,BILL/25-26/8733,2025-09-27,2,71500.0,0.0,0.0,8580.0,80080.0,80080.0,,"[{""description"": ""Printer toner"", ""qty"": 16, ""rate"": 3200, ""amount"": 51200}, {""description"": ""Laptop stand"", ""qty"": 14, ""rate"": 1450, ""amount"": 20300}]"
invoice_34.pdf,4,Shanker-Dhar,24HSKCR4177I7ZK,INV/25-26/7463,2025-09-07,4,242870.0,0.0,0.0,43716.6,286586.6,286586.6,,"[{""description"": ""Annual maintenance"", ""qty"": 10, ""rate"": 18000, ""amount"": 180000}, {""description"": ""LED panels"", ""qty"": 28, ""rate"": 1250, ""amount"": 35000}, {""description"": ""Stretch film"", ""qty"": 39, ""rate"": 380, ""amount"": 14820}, {""description"": ""Laptop stand"", ""qty"": 9, ""rate"": 1450, ""amount"": 13050}]"
invoice_35.pdf,5,"Bala, Issac and Saini",19AWICJ3586P8ZJ,INV/25-26/960,2025-09-07,2,18477.0,0.0,0.0,3325.86,21802.86,21802.86,,"[{""description"": ""Packing tape"", ""qty"": 316, ""rate"": 45, ""amount"": 14220}, {""description"": ""Barcode labels"", ""qty"": 1935, ""rate"": 2.2, ""amount"": 4257.0}]"
invoice_36.pdf,1,"Bala, Issac and Saini",19AWICJ3586P8ZJ,GST/25-26/4175,2025-09-10,5,350190.0,0.0,0.0,63034.2,413224.2,413224.2,,"[{""description"": ""Courier services"", ""qty"": 7, ""rate"": 2400, ""amount"": 16800}, {""description"": ""Packing tape"", ""qty"": 1909, ""rate"": 45, ""amount"": 85905}, {""description"": ""Printer toner"", ""qty"": 21, ""rate"": 3200, ""amount"": 67200}, {""description"": ""Corrugated boxes"", ""qty"": 610, ""rate"": 18.5, ""amount"": 11285.0}, {""description"": ""Office chairs"", ""qty"": 26, ""rate"": 6500, ""amount"": 169000}]"
invoice_37.pdf,2,Rai LLC,19HQJCD1910C2Z5,GST/25-26/559,2025-09-04,3,183530.0,0.0,0.0,33035.4,216565.4,216565.4,,"[{""description"": ""LED panels"", ""qty"": 36, ""rate"": 1250, ""amount"": 45000}, {""description"": ""Courier services"", ""qty"": 35, ""rate"": 2400, ""amount"": 84000}, {""description"": ""Safety gloves"", ""qty"": 574, ""rate"": 95, ""amount"": 54530}]"
invoice_38.pdf,3,Ahuja-Dutta,29HWOCU3534P5ZY,TI/25-26/4881,2025-09-06,1,20000.0,0.0,0.0,3600.0,23600.0,23600.0,,"[{""description"": ""LED panels"", ""qty"": 16, ""rate"": 1250, ""amount"": 20000}]"
invoice_39.pdf,4,Batta Inc,24UDUCI0161D7ZO,BILL/25-26/6883,2025-09-27,2,45666.6,0.0,0.0,8219.99,53886.59,53886.59,,"[{""description"": ""Barcode labels"", ""qty"": 303, ""rate"": 2.2, ""amount"": 666.6}, {""description"": ""LED panels"", ""qty"": 36, ""rate"": 1250, ""amount"": 45000}]"
invoice_40.pdf,5,"Yohannan, Lall and Sangha",07ZSFCL9234V9ZK,INV/25-26/6417,2025-09-19,4,612103.2,0.0,0.0,73452.38,685555.58,685555.58,,"[{""description"": ""Steel racks"", ""qty"": 41, ""rate"": 8800, ""amount"": 360800}, {""description"": ""Annual maintenance"", ""qty"": 13, ""rate"": 18000, ""amount"": 234000}, {""description"": ""Barcode labels"", ""qty"": 1831, ""rate"": 2.2, ""amount"": 4028.2}, {""description"": ""Packing tape"", ""qty"": 295, ""rate"": 45, ""amount"": 13275}]"
invoice_41.pdf,1,Rai LLC,19HQJCD1910C2Z5,INV/25-26/1917,2025-09-03,4,257017.0,0.0,0.0,30842.04,287859.04,287859.04,,"[{""description"": ""LED panels"", ""qty"": 50, ""rate"": 1250, ""amount"": 62500}, {""description"": ""Printer toner"", ""qty"": 40, ""rate"": 3200, ""amount"": 128000}, {""description"": ""Corrugated boxes"", ""qty"": 382, ""rate"": 18.5, ""amount"": 7067.0}, {""description"": ""Laptop stand"", ""qty"": 41, ""rate"": 1450, ""amount"": 59450}]"
invoice_42.pdf,2,"Konda, Gade and Shere",29TFRCD2960T3ZA,INV/25-26/2575,2025-09-04,3,628500.0,0.0,0.0,75420.0,703920.0,703929.0,printed_total_does_not_match,"[{""description"": ""LED panels"", ""qty"": 24, ""rate"": 1250, ""amount"": 30000}, {""description"": ""Office chairs"", ""qty"": 45, ""rate"": 6500, ""amount"": 292500}, {""description"": ""Annual maintenance"", ""qty"": 17, ""rate"": 18000, ""amount"": 306000}]"
invoice_43.pdf,3,Madan-Kanda,09UDDCG2641C9ZQ,INV/25-26/7450,2025-09-08,4,725847.5,0.0,0.0,130652.55,856500.05,856500.05,,"[{""description"": ""LED panels"", ""qty"": 41, ""rate"": 1250, ""amount"": 51250}, {""description"": ""Annual maintenance"", ""qty"": 36, ""rate"": 18000, ""amount"": 648000}, {""description"": ""Corrugated boxes"", ""qty"": 1335, ""rate"": 18.5, ""amount"": 24697.5}, {""description"": ""Stretch film"", ""qty"": 5, ""rate"": 380, ""amount"": 1900}]"
invoice_44.pdf,4,"Sami, Oak and Mall",27ZIVCG3687W1ZL,BILL/25-26/1261,2025-09-26,4,208795.0,0.0,0.0,25055.4,233850.4,233850.4,,"[{""description"": ""Office chairs"", ""qty"": 10, ""rate"": 6500, ""amount"": 65000}, {""description"": ""Courier services"", ""qty"": 36, ""rate"": 2400, ""amount"": 86400}, {""description"": ""Packing tape"", ""qty"": 222, ""rate"": 45, ""amount"": 9990}, {""description"": ""Safety gloves"", ""qty"": 499, ""rate"": 95, ""amount"": 47405}]"
invoice_45.pdf,5,"Murty, Kala and Tata",36ADWCG2198T9ZN,INV/25-26/2835,2025-09-17,3,412000.0,24720.0,24720.0,0.0,461440.0,461440.0,,"[{""description"": ""Office chairs"", ""qty"": 28, ""rate"": 6500, ""amount"": 182000}, {""description"": ""Printer toner"", ""qty"": 10, ""rate"": 3200, ""amount"": 32000}, {""description"": ""Annual maintenance"", ""qty"": 11, ""rate"": 18000, ""amount"": 198000}]"
invoice_46.pdf,1,"Memon, Pathak and Handa",19REBCL7763F1ZH,INV/25-26/8157,2025-09-30,4,386915.0,0.0,0.0,69644.7,456559.7,456559.7,,"[{""description"": ""Printer toner"", ""qty"": 38, ""rate"": 3200, ""amount"": 121600}, {""description"": ""Laptop stand"", ""qty"": 45, ""rate"": 1450, ""amount"": 65250}, {""description"": ""Packing tape"", ""qty"": 439, ""rate"": 45, ""amount"": 19755}, {""description"": ""Safety gloves"", ""qty"": 1898, ""rate"": 95, ""amount"": 180310}]"
invoice_47.pdf,2,Buch-Kaul,19MRYCU6150Y2Z3,BILL/25-26/6021,2025-09-29,3,420900.0,0.0,0.0,75762.0,496662.0,496662.0,,"[{""description"": ""Courier services"", ""qty"": 30, ""rate"": 2400, ""amount"": 72000}, {""description"": ""Annual maintenance"", ""qty"": 16, ""rate"": 18000, ""amount"": 288000}, {""description"": ""Laptop stand"", ""qty"": 42, ""rate"": 1450, ""amount"": 60900}]"
invoice_48.pdf,3,"Chaudry, Chahal and Sami",07CCTCG1902S6ZI,TI/25-26/4530,2025-09-21,2,750500.0,0.0,0.0,90060.0,840560.0,840560.0,,"[{""description"": ""Annual maintenance"", ""qty"": 41, ""rate"": 18000, ""amount"": 738000}, {""description"": ""LED panels"", ""qty"": 10, ""rate"": 1250, ""amount"": 12500}]"
invoice_49.pdf,4,"Boase, Bath and Kari",24PZQCM4014B2ZP,INV/25-26/108,2025-09-11,1,31140.0,0.0,0.0,5605.2,36745.2,36745.2,,"[{""description"": ""Packing tape"", ""qty"": 692, ""rate"": 45, ""amount"": 31140}]"
invoice_50.pdf,5,"Konda, Gade and Shere",29TFRCD2960T3ZA,INV/25-26/905,2025-09-02,4,813280.0,0.0,0.0,146390.4,959670.4,959670.4,,"[{""description"": ""Office chairs"", ""qty"": 22, ""rate"": 6500, ""amount"": 143000}, {""description"": ""Annual maintenance"", ""qty"": 23, ""rate"": 18000, ""amount"": 414000}, {""description"": ""Steel racks"", ""qty"": 28, ""rate"": 8800, ""amount"": 246400}, {""description"": ""Stretch film"", ""qty"": 26, ""rate"": 380, ""amount"": 9880}]"
