snapshot_date,store_code,sku,on_hand_qty
2025-06-30,ST01,SKU0001,206
2025-06-30,ST01,SKU0002,40
2025-06-30,ST01,SKU0003,61
2025-06-30,ST01,SKU0004,170
2025-06-30,ST01,SKU0005,205
2025-06-30,ST01,SKU0006,218
2025-06-30,ST01,SKU0007,217
2025-06-30,ST01,SKU0008,99
2025-06-30,ST01,SKU0009,139
2025-06-30,ST01,SKU0010,207
2025-06-30,ST01,SKU0011,100
2025-06-30,ST01,SKU0012,67
2025-06-30,ST01,SKU0013,110
2025-06-30,ST01,SKU0014,159
2025-06-30,ST01,SKU0015,245
2025-06-30,ST01,SKU0016,122
2025-06-30,ST01,SKU0017,191
2025-06-30,ST01,SKU0018,233
2025-06-30,ST01,SKU0019,224
2025-06-30,ST01,SKU0020,90
2025-06-30,ST01,SKU0021,53
2025-06-30,ST01,SKU0022,237
2025-06-30,ST01,SKU0023,194
2025-06-30,ST01,SKU0024,164
2025-06-30,ST01,SKU0025,240
2025-06-30,ST01,SKU0026,93
2025-06-30,ST01,SKU0027,167
2025-06-30,ST01,SKU0028,158
2025-06-30,ST01,SKU0029,154
2025-06-30,ST01,SKU0030,60
2025-06-30,ST01,SKU0031,147
2025-06-30,ST01,SKU0032,54
2025-06-30,ST01,SKU0033,144
2025-06-30,ST01,SKU0034,140
2025-06-30,ST01,SKU0035,45
2025-06-30,ST01,SKU0036,113
2025-06-30,ST01,SKU0037,49
2025-06-30,ST01,SKU0038,218
2025-06-30,ST01,SKU0039,248
2025-06-30,ST01,SKU0040,60
2025-06-30,ST01,SKU0041,137
2025-06-30,ST01,SKU0042,224
2025-06-30,ST01,SKU0043,231
2025-06-30,ST01,SKU0044,204
2025-06-30,ST01,SKU0045,117
2025-06-30,ST01,SKU0046,181
2025-06-30,ST01,SKU0047,222
2025-06-30,ST01,SKU0048,172
2025-06-30,ST01,SKU0049,54
2025-06-30,ST01,SKU0050,128
2025-06-30,ST01,SKU0051,63
2025-06-30,ST01,SKU0052,248
2025-06-30,ST02,SKU0001,233
2025-06-30,ST02,SKU0002,107
2025-06-30,ST02,SKU0003,117
2025-06-30,ST02,SKU0004,162
2025-06-30,ST02,SKU0005,122
2025-06-30,ST02,SKU0006,226
2025-06-30,ST02,SKU0007,79
2025-06-30,ST02,SKU0008,189
2025-06-30,ST02,SKU0009,122
2025-06-30,ST02,SKU0010,100
2025-06-30,ST02,SKU0011,171
2025-06-30,ST02,SKU0012,76
2025-06-30,ST02,SKU0013,84
2025-06-30,ST02,SKU0014,188
2025-06-30,ST02,SKU0015,243
2025-06-30,ST02,SKU0016,193
2025-06-30,ST02,SKU0017,80
2025-06-30,ST02,SKU0018,146
2025-06-30,ST02,SKU0019,201
2025-06-30,ST02,SKU0020,152
2025-06-30,ST02,SKU0021,249
2025-06-30,ST02,SKU0022,70
2025-06-30,ST02,SKU0023,198
2025-06-30,ST02,SKU0024,191
2025-06-30,ST02,SKU0025,70
2025-06-30,ST02,SKU0026,203
2025-06-30,ST02,SKU0027,57
2025-06-30,ST02,SKU0028,214
2025-06-30,ST02,SKU0029,177
2025-06-30,ST02,SKU0030,166
2025-06-30,ST02,SKU0031,81
2025-06-30,ST02,SKU0032,76
2025-06-30,ST02,SKU0033,89
2025-06-30,ST02,SKU0034,55
2025-06-30,ST02,SKU0035,70
2025-06-30,ST02,SKU0036,158
2025-06-30,ST02,SKU0037,189
2025-06-30,ST02,SKU0038,158
2025-06-30,ST02,SKU0039,248
2025-06-30,ST02,SKU0040,49
2025-06-30,ST02,SKU0041,170
2025-06-30,ST02,SKU0042,222
2025-06-30,ST02,SKU0043,209
2025-06-30,ST02,SKU0044,119
2025-06-30,ST02,SKU0045,239
2025-06-30,ST02,SKU0046,69
2025-06-30,ST02,SKU0047,236
2025-06-30,ST02,SKU0048,112
2025-06-30,ST02,SKU0049,108
2025-06-30,ST02,SKU0050,148
2025-06-30,ST02,SKU0051,214
2025-06-30,ST02,SKU0052,118
2025-06-30,ST03,SKU0001,143
2025-06-30,ST03,SKU0002,88
2025-06-30,ST03,SKU0003,189
2025-06-30,ST03,SKU0004,97
2025-06-30,ST03,SKU0005,86
2025-06-30,ST03,SKU0006,64
2025-06-30,ST03,SKU0007,190
2025-06-30,ST03,SKU0008,116
2025-06-30,ST03,SKU0009,94
2025-06-30,ST03,SKU0010,188
2025-06-30,ST03,SKU0011,141
2025-06-30,ST03,SKU0012,196
2025-06-30,ST03,SKU0013,87
2025-06-30,ST03,SKU0014,204
2025-06-30,ST03,SKU0015,242
2025-06-30,ST03,SKU0016,192
2025-06-30,ST03,SKU0017,195
2025-06-30,ST03,SKU0018,88
2025-06-30,ST03,SKU0019,82
2025-06-30,ST03,SKU0020,237
2025-06-30,ST03,SKU0021,162
2025-06-30,ST03,SKU0022,161
2025-06-30,ST03,SKU0023,205
2025-06-30,ST03,SKU0024,70
2025-06-30,ST03,SKU0025,100
2025-06-30,ST03,SKU0026,86
2025-06-30,ST03,SKU0027,76
2025-06-30,ST03,SKU0028,239
2025-06-30,ST03,SKU0029,85
2025-06-30,ST03,SKU0030,54
2025-06-30,ST03,SKU0031,151
2025-06-30,ST03,SKU0032,189
2025-06-30,ST03,SKU0033,210
2025-06-30,ST03,SKU0034,189
2025-06-30,ST03,SKU0035,59
2025-06-30,ST03,SKU0036,178
2025-06-30,ST03,SKU0037,158
2025-06-30,ST03,SKU0038,61
2025-06-30,ST03,SKU0039,107
2025-06-30,ST03,SKU0040,127
2025-06-30,ST03,SKU0041,139
2025-06-30,ST03,SKU0042,229
2025-06-30,ST03,SKU0043,191
2025-06-30,ST03,SKU0044,231
2025-06-30,ST03,SKU0045,153
2025-06-30,ST03,SKU0046,173
2025-06-30,ST03,SKU0047,194
2025-06-30,ST03,SKU0048,176
2025-06-30,ST03,SKU0049,190
2025-06-30,ST03,SKU0050,70
2025-06-30,ST03,SKU0051,156
2025-06-30,ST03,SKU0052,114
2025-06-30,ST04,SKU0001,41
2025-06-30,ST04,SKU0002,203
2025-06-30,ST04,SKU0003,177
2025-06-30,ST04,SKU0004,133
2025-06-30,ST04,SKU0005,82
2025-06-30,ST04,SKU0006,108
2025-06-30,ST04,SKU0007,169
2025-06-30,ST04,SKU0008,72
2025-06-30,ST04,SKU0009,226
2025-06-30,ST04,SKU0010,135
2025-06-30,ST04,SKU0011,108
2025-06-30,ST04,SKU0012,73
2025-06-30,ST04,SKU0013,81
2025-06-30,ST04,SKU0014,176
2025-06-30,ST04,SKU0015,115
2025-06-30,ST04,SKU0016,180
2025-06-30,ST04,SKU0017,110
2025-06-30,ST04,SKU0018,240
2025-06-30,ST04,SKU0019,108
2025-06-30,ST04,SKU0020,180
2025-06-30,ST04,SKU0021,232
2025-06-30,ST04,SKU0022,218
2025-06-30,ST04,SKU0023,41
2025-06-30,ST04,SKU0024,134
2025-06-30,ST04,SKU0025,95
2025-06-30,ST04,SKU0026,73
2025-06-30,ST04,SKU0027,217
2025-06-30,ST04,SKU0028,250
2025-06-30,ST04,SKU0029,172
2025-06-30,ST04,SKU0030,208
2025-06-30,ST04,SKU0031,186
2025-06-30,ST04,SKU0032,134
2025-06-30,ST04,SKU0033,62
2025-06-30,ST04,SKU0034,175
2025-06-30,ST04,SKU0035,197
2025-06-30,ST04,SKU0036,115
2025-06-30,ST04,SKU0037,164
2025-06-30,ST04,SKU0038,131
2025-06-30,ST04,SKU0039,212
2025-06-30,ST04,SKU0040,232
2025-06-30,ST04,SKU0041,141
2025-06-30,ST04,SKU0042,63
2025-06-30,ST04,SKU0043,77
2025-06-30,ST04,SKU0044,215
2025-06-30,ST04,SKU0045,135
2025-06-30,ST04,SKU0046,75
2025-06-30,ST04,SKU0047,138
2025-06-30,ST04,SKU0048,46
2025-06-30,ST04,SKU0049,85
2025-06-30,ST04,SKU0050,61
2025-06-30,ST04,SKU0051,191
2025-06-30,ST04,SKU0052,247
2025-06-30,ST05,SKU0001,62
2025-06-30,ST05,SKU0002,65
2025-06-30,ST05,SKU0003,48
2025-06-30,ST05,SKU0004,145
2025-06-30,ST05,SKU0005,235
2025-06-30,ST05,SKU0006,170
2025-06-30,ST05,SKU0007,184
2025-06-30,ST05,SKU0008,240
2025-06-30,ST05,SKU0009,59
2025-06-30,ST05,SKU0010,122
2025-06-30,ST05,SKU0011,92
2025-06-30,ST05,SKU0012,117
2025-06-30,ST05,SKU0013,201
2025-06-30,ST05,SKU0014,214
2025-06-30,ST05,SKU0015,147
2025-06-30,ST05,SKU0016,119
2025-06-30,ST05,SKU0017,67
2025-06-30,ST05,SKU0018,197
2025-06-30,ST05,SKU0019,110
2025-06-30,ST05,SKU0020,109
2025-06-30,ST05,SKU0021,88
2025-06-30,ST05,SKU0022,214
2025-06-30,ST05,SKU0023,190
2025-06-30,ST05,SKU0024,167
2025-06-30,ST05,SKU0025,171
2025-06-30,ST05,SKU0026,84
2025-06-30,ST05,SKU0027,241
2025-06-30,ST05,SKU0028,96
2025-06-30,ST05,SKU0029,87
2025-06-30,ST05,SKU0030,134
2025-06-30,ST05,SKU0031,54
2025-06-30,ST05,SKU0032,133
2025-06-30,ST05,SKU0033,56
2025-06-30,ST05,SKU0034,209
2025-06-30,ST05,SKU0035,172
2025-06-30,ST05,SKU0036,209
2025-06-30,ST05,SKU0037,134
2025-06-30,ST05,SKU0038,246
2025-06-30,ST05,SKU0039,198
2025-06-30,ST05,SKU0040,246
2025-06-30,ST05,SKU0041,154
2025-06-30,ST05,SKU0042,78
2025-06-30,ST05,SKU0043,114
2025-06-30,ST05,SKU0044,97
2025-06-30,ST05,SKU0045,208
2025-06-30,ST05,SKU0046,129
2025-06-30,ST05,SKU0047,247
2025-06-30,ST05,SKU0048,169
2025-06-30,ST05,SKU0049,214
2025-06-30,ST05,SKU0050,168
2025-06-30,ST05,SKU0051,77
2025-06-30,ST05,SKU0052,238
2025-06-30,ST06,SKU0001,169
2025-06-30,ST06,SKU0002,114
2025-06-30,ST06,SKU0003,114
2025-06-30,ST06,SKU0004,223
2025-06-30,ST06,SKU0005,78
2025-06-30,ST06,SKU0006,70
2025-06-30,ST06,SKU0007,232
2025-06-30,ST06,SKU0008,100
2025-06-30,ST06,SKU0009,128
2025-06-30,ST06,SKU0010,40
2025-06-30,ST06,SKU0011,223
2025-06-30,ST06,SKU0012,194
2025-06-30,ST06,SKU0013,61
2025-06-30,ST06,SKU0014,163
2025-06-30,ST06,SKU0015,249
2025-06-30,ST06,SKU0016,57
2025-06-30,ST06,SKU0017,106
2025-06-30,ST06,SKU0018,165
2025-06-30,ST06,SKU0019,194
2025-06-30,ST06,SKU0020,167
2025-06-30,ST06,SKU0021,236
2025-06-30,ST06,SKU0022,91
2025-06-30,ST06,SKU0023,58
2025-06-30,ST06,SKU0024,243
2025-06-30,ST06,SKU0025,125
2025-06-30,ST06,SKU0026,155
2025-06-30,ST06,SKU0027,55
2025-06-30,ST06,SKU0028,170
2025-06-30,ST06,SKU0029,241
2025-06-30,ST06,SKU0030,94
2025-06-30,ST06,SKU0031,180
2025-06-30,ST06,SKU0032,133
2025-06-30,ST06,SKU0033,120
2025-06-30,ST06,SKU0034,175
2025-06-30,ST06,SKU0035,220
2025-06-30,ST06,SKU0036,159
2025-06-30,ST06,SKU0037,43
2025-06-30,ST06,SKU0038,109
2025-06-30,ST06,SKU0039,207
2025-06-30,ST06,SKU0040,148
2025-06-30,ST06,SKU0041,170
2025-06-30,ST06,SKU0042,124
2025-06-30,ST06,SKU0043,67
2025-06-30,ST06,SKU0044,194
2025-06-30,ST06,SKU0045,242
2025-06-30,ST06,SKU0046,145
2025-06-30,ST06,SKU0047,111
2025-06-30,ST06,SKU0048,225
2025-06-30,ST06,SKU0049,140
2025-06-30,ST06,SKU0050,89
2025-06-30,ST06,SKU0051,170
2025-06-30,ST06,SKU0052,91
2025-06-30,WEB,SKU0001,58
2025-06-30,WEB,SKU0002,200
2025-06-30,WEB,SKU0003,234
2025-06-30,WEB,SKU0004,215
2025-06-30,WEB,SKU0005,101
2025-06-30,WEB,SKU0006,192
2025-06-30,WEB,SKU0007,237
2025-06-30,WEB,SKU0008,60
2025-06-30,WEB,SKU0009,250
2025-06-30,WEB,SKU0010,238
2025-06-30,WEB,SKU0011,109
2025-06-30,WEB,SKU0012,122
2025-06-30,WEB,SKU0013,180
2025-06-30,WEB,SKU0014,240
2025-06-30,WEB,SKU0015,170
2025-06-30,WEB,SKU0016,115
2025-06-30,WEB,SKU0017,178
2025-06-30,WEB,SKU0018,171
2025-06-30,WEB,SKU0019,243
2025-06-30,WEB,SKU0020,149
2025-06-30,WEB,SKU0021,136
2025-06-30,WEB,SKU0022,154
2025-06-30,WEB,SKU0023,128
2025-06-30,WEB,SKU0024,47
2025-06-30,WEB,SKU0025,77
2025-06-30,WEB,SKU0026,104
2025-06-30,WEB,SKU0027,50
2025-06-30,WEB,SKU0028,138
2025-06-30,WEB,SKU0029,42
2025-06-30,WEB,SKU0030,159
2025-06-30,WEB,SKU0031,208
2025-06-30,WEB,SKU0032,121
2025-06-30,WEB,SKU0033,104
2025-06-30,WEB,SKU0034,108
2025-06-30,WEB,SKU0035,228
2025-06-30,WEB,SKU0036,159
2025-06-30,WEB,SKU0037,102
2025-06-30,WEB,SKU0038,88
2025-06-30,WEB,SKU0039,107
2025-06-30,WEB,SKU0040,77
2025-06-30,WEB,SKU0041,248
2025-06-30,WEB,SKU0042,150
2025-06-30,WEB,SKU0043,249
2025-06-30,WEB,SKU0044,98
2025-06-30,WEB,SKU0045,103
2025-06-30,WEB,SKU0046,118
2025-06-30,WEB,SKU0047,78
2025-06-30,WEB,SKU0048,186
2025-06-30,WEB,SKU0049,126
2025-06-30,WEB,SKU0050,52
2025-06-30,WEB,SKU0051,125
2025-06-30,WEB,SKU0052,66
2025-06-30,B2B,SKU0001,112
2025-06-30,B2B,SKU0002,162
2025-06-30,B2B,SKU0003,63
2025-06-30,B2B,SKU0004,207
2025-06-30,B2B,SKU0005,209
2025-06-30,B2B,SKU0006,213
2025-06-30,B2B,SKU0007,75
2025-06-30,B2B,SKU0008,213
2025-06-30,B2B,SKU0009,240
2025-06-30,B2B,SKU0010,191
2025-06-30,B2B,SKU0011,219
2025-06-30,B2B,SKU0012,241
2025-06-30,B2B,SKU0013,163
2025-06-30,B2B,SKU0014,194
2025-06-30,B2B,SKU0015,158
2025-06-30,B2B,SKU0016,177
2025-06-30,B2B,SKU0017,174
2025-06-30,B2B,SKU0018,81
2025-06-30,B2B,SKU0019,216
2025-06-30,B2B,SKU0020,163
2025-06-30,B2B,SKU0021,157
2025-06-30,B2B,SKU0022,67
2025-06-30,B2B,SKU0023,74
2025-06-30,B2B,SKU0024,149
2025-06-30,B2B,SKU0025,42
2025-06-30,B2B,SKU0026,52
2025-06-30,B2B,SKU0027,227
2025-06-30,B2B,SKU0028,166
2025-06-30,B2B,SKU0029,55
2025-06-30,B2B,SKU0030,182
2025-06-30,B2B,SKU0031,158
2025-06-30,B2B,SKU0032,101
2025-06-30,B2B,SKU0033,117
2025-06-30,B2B,SKU0034,213
2025-06-30,B2B,SKU0035,131
2025-06-30,B2B,SKU0036,248
2025-06-30,B2B,SKU0037,187
2025-06-30,B2B,SKU0038,85
2025-06-30,B2B,SKU0039,197
2025-06-30,B2B,SKU0040,124
2025-06-30,B2B,SKU0041,110
2025-06-30,B2B,SKU0042,58
2025-06-30,B2B,SKU0043,199
2025-06-30,B2B,SKU0044,57
2025-06-30,B2B,SKU0045,143
2025-06-30,B2B,SKU0046,171
2025-06-30,B2B,SKU0047,104
2025-06-30,B2B,SKU0048,146
2025-06-30,B2B,SKU0049,88
2025-06-30,B2B,SKU0050,61
2025-06-30,B2B,SKU0051,210
2025-06-30,B2B,SKU0052,243
