sku,effective_from,list_price
SKU0001,2025-01-01,457.07
SKU0002,2025-01-01,866.3
SKU0002,2025-08-01,939.58
SKU0003,2025-01-01,892.45
SKU0004,2025-01-01,103.87
SKU0004,2025-09-01,109.56
SKU0005,2025-01-01,865.45
SKU0005,2025-08-01,898.6
SKU0006,2025-01-01,775.37
SKU0007,2025-01-01,705.44
SKU0008,2025-01-01,653.85
SKU0009,2025-01-01,481.54
SKU0009,2025-09-01,536.75
SKU0010,2025-01-01,27.38
SKU0010,2025-09-01,29.76
SKU0011,2025-01-01,822.13
SKU0012,2025-01-01,203.66
SKU0012,2025-09-01,226.92
SKU0013,2025-01-01,43.38
SKU0014,2025-01-01,733.4
SKU0015,2025-01-01,535.76
SKU0016,2025-01-01,314.44
SKU0017,2025-01-01,385.22
SKU0017,2025-08-01,411.56
SKU0018,2025-01-01,503.77
SKU0019,2025-01-01,757.09
SKU0020,2025-01-01,481.01
SKU0021,2025-01-01,31.55
SKU0022,2025-01-01,625.79
SKU0022,2025-08-01,664.91
SKU0023,2025-01-01,313.79
SKU0024,2025-01-01,580.41
SKU0025,2025-01-01,457.67
SKU0026,2025-01-01,661.75
SKU0027,2025-01-01,744.28
SKU0028,2025-01-01,544.54
SKU0029,2025-01-01,865.12
SKU0029,2025-08-01,898.86
SKU0030,2025-01-01,818.98
SKU0030,2025-08-01,862.27
SKU0031,2025-01-01,826.67
SKU0031,2025-08-01,912.28
SKU0032,2025-01-01,796.41
SKU0033,2025-01-01,618.51
SKU0033,2025-08-01,664.08
SKU0034,2025-01-01,364.75
SKU0035,2025-01-01,556.57
SKU0036,2025-01-01,324.3
SKU0037,2025-01-01,799.58
SKU0038,2025-01-01,87.1
SKU0039,2025-01-01,551.25
SKU0040,2025-01-01,731.49
SKU0041,2025-01-01,786.34
SKU0041,2025-08-01,818.13
SKU0042,2025-01-01,582.57
SKU0042,2025-08-01,641.67
SKU0043,2025-01-01,526.02
SKU0044,2025-01-01,115.79
SKU0045,2025-01-01,277.17
SKU0045,2025-08-01,297.38
SKU0046,2025-01-01,223.59
SKU0047,2025-01-01,486.3
SKU0048,2025-01-01,321.8
SKU0049,2025-01-01,43.21
SKU0049,2025-08-01,45.33
SKU0050,2025-01-01,142.58
SKU0051,2025-01-01,897.3
SKU0052,2025-01-01,191.34
SKU0052,2025-08-01,208.57
