promo_id,sku,promo_type,start_date,end_date
PR001,SKU0029,Discount 10%,2025-07-04,2025-07-20
PR002,SKU0004,Buy 2 Get 1,2025-07-12,2025-07-28
PR003,SKU0038,Discount 10%,2025-08-16,2025-09-04
PR004,SKU0019,Buy 2 Get 1,2025-08-21,2025-09-06
PR005,SKU0012,Discount 10%,2025-07-21,2025-08-08
PR006,SKU0029,Buy 2 Get 1,2025-08-20,2025-09-05
PR007,SKU0052,Discount 20%,2025-08-06,2025-08-19
PR008,SKU0049,Flat 50 off,2025-08-03,2025-08-22
PR009,SKU0040,Flat 50 off,2025-07-21,2025-08-10
PR010,SKU0050,Buy 2 Get 1,2025-08-27,2025-09-16
PR011,SKU0036,Flat 50 off,2025-07-09,2025-07-17
PR012,SKU0034,Buy 2 Get 1,2025-08-02,2025-08-11
