order_id,order_ts,store_code,sku,quantity,unit_price,discount_pct,promo_id,customer_type
ORD125347,2025-09-28 17:42:00,ST02,SKU0011,2,822.13,0.0,,New
ORD125347,2025-09-28 19:22:00,ST02,SKU0003,2,892.45,0.0,,Returning
ORD125347,2025-09-28 21:40:00,ST02,SKU0050,1,142.58,0.0,,New
ORD125348,2025-09-28 15:34:00,ST03,SKU0003,2,892.45,0.0,,Returning
ORD125349,2025-09-28 16:08:00,B2B,SKU0013,43,43.38,0.0,,Business
ORD125349,2025-09-28 14:34:00,B2B,SKU0006,89,775.37,0.0,,Business
ORD125349,2025-09-28 13:33:00,B2B,SKU0050,68,142.58,0.0,,Business
ORD125350,2025-09-28 22:51:00,ST02,SKU0027,1,744.28,0.0,,Returning
ORD125350,2025-09-28 10:32:00,ST02,SKU0003,2,892.45,0.0,,Returning
ORD125351,2025-09-28 17:16:00,WEB,SKU0027,1,744.28,0.0,,Returning
ORD125351,2025-09-28 12:46:00,WEB,SKU0003,1,892.45,0.0,,Returning
ORD125352,2025-09-28 15:34:00,ST05,SKU0003,3,892.45,0.0,,Returning
ORD125352,2025-09-28 17:33:00,ST05,SKU0027,2,744.28,0.0,,Returning
ORD125352,2025-09-28 21:57:00,ST05,SKU0008,1,653.85,0.0,,Returning
ORD125352,2025-09-28 22:32:00,ST05,SKU0003,2,892.45,0.0,,Returning
ORD125353,2025-09-28 18:25:00,WEB,SKU0003,1,892.45,0.0,,Returning
ORD125354,2025-09-28 19:24:00,ST04,SKU0021,3,31.55,0.0,,Returning
ORD125354,2025-09-28 13:01:00,ST04,SKU0050,2,142.58,0.0,,Returning
ORD125354,2025-09-28 17:05:00,ST04,SKU0048,1,321.8,0.0,,Returning
ORD125354,2025-09-28 22:53:00,ST04,SKU0002,1,939.58,0.0,,Returning
ORD125355,2025-09-28 08:35:00,ST03,SKU0043,3,526.02,0.0,,New
ORD125355,2025-09-28 18:39:00,ST03,SKU0003,2,892.45,0.0,,Returning
ORD125355,2025-09-28 21:14:00,ST03,SKU0029,3,898.86,0.0,,New
ORD125355,2025-09-28 17:31:00,ST03,SKU0048,3,321.8,0.0,,Returning
ORD125356,2025-09-28 16:06:00,ST04,SKU0021,1,31.55,0.0,,Returning
ORD125356,2025-09-28 20:28:00,ST04,SKU0011,3,822.13,0.0,,Returning
ORD125356,2025-09-28 12:14:00,ST04,SKU0050,1,142.58,0.0,,Returning
ORD125356,2025-09-28 16:46:00,ST04,SKU0003,1,892.45,0.0,,New
ORD125357,2025-09-28 10:42:00,WEB,SKU0003,2,892.45,0.0,,Returning
ORD125357,2025-09-28 11:42:00,WEB,SKU0050,1,142.58,0.0,,New
ORD125357,2025-09-28 11:47:00,WEB,SKU0050,3,142.58,0.0,,New
ORD125357,2025-09-28 14:53:00,WEB,SKU0010,1,29.76,0.0,,New
ORD125358,2025-09-28 18:24:00,ST04,SKU0027,3,744.28,0.0,,Returning
ORD125359,2025-09-28 14:35:00,ST01,SKU0003,1,892.45,0.0,,Returning
ORD125359,2025-09-28 15:16:00,ST01,SKU0050,3,142.58,0.0,,Returning
ORD125359,2025-09-28 18:19:00,ST01,SKU0027,1,744.28,0.0,,New
ORD125360,2025-09-28 12:22:00,ST06,SKU0030,2,862.27,0.0,,Returning
ORD125360,2025-09-28 20:24:00,ST06,SKU0003,1,892.45,0.0,,New
ORD125361,2025-09-28 22:49:00,WEB,SKU0031,2,912.28,0.0,,Returning
ORD125362,2025-09-28 11:20:00,ST03,SKU0039,3,551.25,0.0,,Returning
ORD125362,2025-09-28 12:07:00,ST03,SKU0003,3,892.45,0.0,,Returning
ORD125362,2025-09-28 13:10:00,ST03,SKU0050,1,142.58,0.0,,Returning
ORD125363,2025-09-28 10:38:00,WEB,SKU0003,3,892.45,0.0,,Returning
ORD125363,2025-09-28 22:35:00,WEB,SKU0050,1,142.58,0.0,,Returning
ORD125364,2025-09-28 19:47:00,ST03,SKU0039,1,551.25,0.0,,Returning
ORD125364,2025-09-28 21:15:00,ST03,SKU0050,2,142.58,0.0,,Returning
ORD125365,2025-09-28 16:05:00,WEB,SKU0039,1,551.25,0.0,,New
ORD125365,2025-09-28 13:50:00,WEB,SKU0020,3,481.01,0.0,,New
ORD125366,2025-09-28 11:25:00,ST02,SKU0006,1,775.37,0.0,,Returning
ORD125367,2025-09-28 12:19:00,ST05,SKU0043,2,526.02,0.0,,Returning
ORD125367,2025-09-28 18:42:00,ST05,SKU0003,3,892.45,0.0,,Returning
ORD125368,2025-09-28 21:49:00,ST03,SKU0003,3,892.45,0.0,,Returning
ORD125369,2025-09-28 22:06:00,ST05,SKU0003,2,892.45,0.0,,Returning
ORD125370,2025-09-28 13:38:00,ST03,SKU0047,1,486.3,0.0,,New
ORD125370,2025-09-28 22:08:00,ST03,SKU0048,2,321.8,0.0,,Returning
ORD125370,2025-09-28 21:58:00,ST03,SKU0003,1,892.45,0.0,,New
ORD125371,2025-09-28 22:41:00,ST01,SKU0006,1,775.37,0.0,,Returning
ORD125372,2025-09-28 08:30:00,ST05,SKU0029,1,898.86,0.0,,New
ORD125372,2025-09-28 13:15:00,ST05,SKU0003,3,892.45,0.0,,Returning
ORD125372,2025-09-28 22:59:00,ST05,SKU0031,1,912.28,0.0,,Returning
ORD125373,2025-09-28 10:22:00,ST01,SKU0003,2,892.45,0.0,,New
ORD125374,2025-09-28 19:05:00,ST06,SKU0003,1,892.45,0.0,,Returning
ORD125374,2025-09-28 14:55:00,ST06,SKU0003,3,892.45,0.0,,Returning
ORD125375,2025-09-28 16:58:00,ST03,SKU0003,1,892.45,0.0,,New
ORD125376,2025-09-28 15:06:00,ST03,SKU0003,1,892.45,0.0,,Returning
ORD125376,2025-09-28 15:06:00,ST03,SKU0050,2,142.58,0.0,,Returning
ORD125376,2025-09-28 19:20:00,ST03,SKU0033,2,664.08,0.0,,New
ORD125376,2025-09-28 12:00:00,ST03,SKU0003,2,892.45,0.0,,Returning
ORD125377,2025-09-28 18:03:00,ST03,SKU0019,1,757.09,0.0,,Returning
ORD125377,2025-09-28 18:23:00,ST03,SKU0003,1,892.45,0.0,,Returning
ORD125377,2025-09-28 09:45:00,ST03,SKU0039,1,551.25,0.0,,New
ORD125377,2025-09-28 17:15:00,ST03,SKU0050,1,142.58,0.0,,Returning
ORD125378,2025-09-28 20:29:00,WEB,SKU0018,2,503.77,0.0,,Returning
ORD125379,2025-09-28 11:57:00,WEB,SKU0020,2,481.01,0.0,,New
ORD125379,2025-09-28 17:36:00,WEB,SKU0018,3,503.77,0.0,,Returning
ORD125379,2025-09-28 22:07:00,WEB,SKU0020,3,481.01,0.0,,Returning
ORD125379,2025-09-28 10:21:00,WEB,SKU0003,2,892.45,0.0,,Returning
ORD125380,2025-09-28 14:49:00,ST01,SKU0031,1,912.28,0.0,,Returning
ORD125381,2025-09-28 11:13:00,ST03,SKU0050,3,142.58,0.0,,Returning
ORD125381,2025-09-28 12:50:00,ST03,SKU0048,1,321.8,0.0,,Returning
ORD125381,2025-09-28 11:36:00,ST03,SKU0050,3,142.58,0.0,,Returning
ORD125381,2025-09-28 21:22:00,ST03,SKU0003,1,892.45,0.0,,New
ORD125382,2025-09-28 21:39:00,ST01,SKU0031,3,912.28,0.0,,Returning
ORD125383,2025-09-28 17:06:00,ST03,SKU0050,2,142.58,0.0,,New
ORD125384,2025-09-28 18:27:00,ST06,SKU0003,1,892.45,0.0,,Returning
ORD125384,2025-09-28 09:11:00,ST06,SKU0050,1,142.58,0.0,,Returning
ORD125384,2025-09-28 09:57:00,ST06,SKU0003,1,892.45,0.0,,New
ORD125384,2025-09-28 12:18:00,ST06,SKU0050,1,142.58,0.0,,Returning
ORD125385,2025-09-28 18:26:00,WEB,SKU0003,1,892.45,0.0,,Returning
ORD125386,2025-09-28 11:39:00,ST03,SKU0008,3,653.85,0.0,,New
ORD125387,2025-09-28 18:32:00,WEB,SKU0003,2,892.45,0.0,,New
ORD125387,2025-09-28 18:44:00,WEB,SKU0003,3,892.45,0.0,,Returning
ORD125387,2025-09-28 20:07:00,WEB,SKU0050,3,142.58,0.0,,Returning
ORD125387,2025-09-28 22:21:00,WEB,SKU0003,1,892.45,0.0,,New
ORD125388,2025-09-28 21:15:00,ST01,SKU0048,2,321.8,0.0,,Returning
ORD125388,2025-09-28 18:16:00,ST01,SKU0050,2,142.58,0.0,,New
ORD125388,2025-09-28 15:02:00,ST01,SKU0050,2,142.58,0.0,,New
ORD125389,2025-09-28 21:43:00,WEB,SKU0050,2,142.58,0.0,,New
ORD125390,2025-09-28 22:44:00,WEB,SKU0050,3,142.58,0.0,,Returning
ORD125390,2025-09-28 22:24:00,WEB,SKU0003,1,892.45,0.0,,New
ORD125391,2025-09-28 13:00:00,B2B,SKU0050,77,142.58,0.0,,Business
ORD125392,2025-09-28 22:17:00,B2B,SKU0003,114,892.45,0.0,,Business
ORD125392,2025-09-28 12:02:00,B2B,SKU0003,94,892.45,0.0,,Business
ORD125393,2025-09-28 16:00:00,WEB,SKU0003,3,892.45,0.0,,Returning
ORD125394,2025-09-28 19:30:00,WEB,SKU0043,3,526.02,0.0,,Returning
ORD125394,2025-09-28 08:50:00,WEB,SKU0003,3,892.45,0.0,,Returning
ORD125394,2025-09-28 16:43:00,WEB,SKU0003,1,892.45,0.0,,Returning
ORD125395,2025-09-28 20:25:00,WEB,SKU0032,1,796.41,0.0,,Returning
ORD125395,2025-09-28 09:18:00,WEB,SKU0027,2,744.28,0.0,,Returning
ORD125395,2025-09-28 10:38:00,WEB,SKU0003,1,892.45,0.0,,Returning
ORD125395,2025-09-28 12:37:00,WEB,SKU0027,1,744.28,0.0,,Returning
ORD125396,2025-09-28 09:40:00,ST05,SKU0007,3,705.44,0.0,,New
ORD125396,2025-09-28 17:27:00,ST05,SKU0031,1,912.28,0.0,,Returning
ORD125397,2025-09-28 11:18:00,ST04,SKU0027,2,744.28,0.0,,Returning
ORD125397,2025-09-28 20:21:00,ST04,SKU0050,3,142.58,0.0,,Returning
ORD125397,2025-09-28 19:46:00,ST04,SKU0050,1,142.58,0.0,,Returning
ORD125397,2025-09-28 18:44:00,ST04,SKU0002,2,939.58,0.0,,New
ORD125398,2025-09-28 19:58:00,ST04,SKU0003,2,892.45,0.0,,New
ORD125398,2025-09-28 09:12:00,ST04,SKU0050,3,142.58,0.0,,Returning
ORD125398,2025-09-28 22:55:00,ST04,SKU0027,3,744.28,0.0,,New
ORD125398,2025-09-28 13:08:00,ST04,SKU0048,3,321.8,0.0,,New
ORD125399,2025-09-28 15:29:00,WEB,SKU0027,2,744.28,0.0,,Returning
ORD125399,2025-09-28 11:53:00,WEB,SKU0048,1,321.8,0.0,,New
ORD125399,2025-09-28 09:39:00,WEB,SKU0003,2,892.45,0.0,,Returning
ORD125400,2025-09-28 08:43:00,ST03,SKU0043,3,526.02,0.0,,Returning
ORD125400,2025-09-28 19:16:00,ST03,SKU0050,1,142.58,0.0,,Returning
ORD125400,2025-09-28 13:17:00,ST03,SKU0003,3,892.45,0.0,,Returning
ORD125400,2025-09-28 16:52:00,ST03,SKU0008,1,653.85,0.0,,New
ORD125401,2025-09-28 18:03:00,ST05,SKU0031,1,912.28,0.0,,Returning
ORD125401,2025-09-28 21:13:00,ST05,SKU0050,1,142.58,0.0,,Returning
ORD125402,2025-09-28 08:21:00,ST05,SKU0050,1,142.58,0.0,,New
ORD125402,2025-09-28 20:30:00,ST05,SKU0027,2,744.28,0.0,,Returning
ORD125402,2025-09-28 13:13:00,ST05,SKU0033,2,664.08,0.0,,New
ORD125402,2025-09-28 11:23:00,ST05,SKU0050,3,142.58,0.0,,Returning
ORD125403,2025-09-28 14:55:00,ST01,SKU0003,1,892.45,0.0,,Returning
ORD125403,2025-09-28 19:00:00,ST01,SKU0050,3,142.58,0.0,,Returning
ORD125404,2025-09-28 15:25:00,ST04,SKU0003,2,892.45,0.0,,Returning
ORD125405,2025-09-28 18:38:00,ST02,SKU0031,2,912.28,0.0,,Returning
ORD125406,2025-09-28 14:26:00,ST02,SKU0050,1,142.58,0.0,,Returning
ORD125406,2025-09-28 12:08:00,ST02,SKU0027,3,744.28,0.0,,Returning
ORD125406,2025-09-28 08:24:00,ST02,SKU0003,3,892.45,0.0,,New
ORD125406,2025-09-28 19:47:00,ST02,SKU0050,2,142.58,0.0,,New
ORD125407,2025-09-28 15:33:00,WEB,SKU0031,1,912.28,0.0,,Returning
ORD125407,2025-09-28 08:58:00,WEB,SKU0003,2,892.45,0.0,,Returning
ORD125407,2025-09-28 22:10:00,WEB,SKU0003,1,892.45,0.0,,Returning
ORD125408,2025-09-28 08:33:00,ST01,SKU0003,3,892.45,0.0,,Returning
ORD125408,2025-09-28 16:31:00,ST01,SKU0003,2,892.45,0.0,,Returning
ORD125408,2025-09-28 14:34:00,ST01,SKU0032,3,796.41,0.0,,New
ORD125408,2025-09-28 11:39:00,ST01,SKU0031,3,912.28,0.0,,Returning
ORD125409,2025-09-28 10:10:00,ST02,SKU0050,1,142.58,0.0,,Returning
ORD125409,2025-09-28 19:25:00,ST02,SKU0027,1,744.28,0.0,,Returning
ORD125409,2025-09-28 16:46:00,ST02,SKU0003,1,892.45,0.0,,Returning
ORD125410,2025-09-28 19:45:00,ST02,SKU0003,2,892.45,0.0,,New
ORD125410,2025-09-28 13:39:00,ST02,SKU0003,1,892.45,0.0,,Returning
ORD125410,2025-09-28 15:09:00,ST02,SKU0050,3,142.58,0.0,,Returning
ORD125410,2025-09-28 17:47:00,ST02,SKU0003,1,892.45,0.0,,Returning
ORD125411,2025-09-28 14:29:00,WEB,SKU0027,2,744.28,0.0,,Returning
ORD125411,2025-09-28 18:55:00,WEB,SKU0048,2,321.8,0.0,,Returning
ORD125411,2025-09-28 12:04:00,WEB,SKU0050,2,142.58,0.0,,New
ORD125411,2025-09-28 10:35:00,WEB,SKU0003,2,892.45,0.0,,New
ORD125412,2025-09-28 15:07:00,WEB,SKU0003,3,892.45,0.0,,Returning
ORD125413,2025-09-28 18:26:00,ST05,SKU0003,1,892.45,0.0,,Returning
ORD125414,2025-09-28 21:49:00,ST06,SKU0003,2,892.45,0.0,,New
ORD125414,2025-09-28 09:52:00,ST06,SKU0021,3,31.55,0.0,,New
ORD125414,2025-09-28 22:29:00,ST06,SKU0032,2,796.41,0.0,,Returning
ORD125414,2025-09-28 11:03:00,ST06,SKU0039,2,551.25,0.0,,Returning
ORD125415,2025-09-28 11:43:00,ST02,SKU0006,3,775.37,0.0,,Returning
ORD125416,2025-09-28 22:51:00,ST03,SKU0032,3,796.41,0.0,,Returning
ORD125416,2025-09-28 12:22:00,ST03,SKU0002,1,939.58,0.0,,Returning
ORD125416,2025-09-28 14:54:00,ST03,SKU0050,2,142.58,0.0,,Returning
ORD125416,2025-09-28 10:30:00,ST03,SKU0050,1,142.58,0.0,,Returning
ORD125417,2025-09-28 10:37:00,WEB,SKU0027,3,744.28,0.0,,New
ORD125417,2025-09-28 16:25:00,WEB,SKU0003,1,892.45,0.0,,Returning
ORD125417,2025-09-28 12:06:00,WEB,SKU0050,2,142.58,0.0,,Returning
ORD125418,2025-09-28 15:22:00,ST02,SKU0050,3,142.58,0.0,,New
ORD125418,2025-09-28 11:02:00,ST02,SKU0003,3,892.45,0.0,,Returning
ORD125418,2025-09-28 18:03:00,ST02,SKU0027,1,744.28,0.0,,New
ORD125419,2025-09-28 18:04:00,B2B,SKU0003,20,892.45,0.0,,Business
ORD125420,2025-09-28 12:39:00,ST03,SKU0003,2,892.45,0.0,,Returning
ORD125420,2025-09-28 20:25:00,ST03,SKU0001,1,457.07,0.0,,New
ORD125421,2025-09-28 16:20:00,ST05,SKU0039,3,551.25,0.0,,Returning
ORD125421,2025-09-28 20:35:00,ST05,SKU0003,1,892.45,0.0,,Returning
ORD125422,2025-09-28 18:54:00,ST02,SKU0003,1,892.45,0.0,,Returning
ORD125422,2025-09-28 16:21:00,ST02,SKU0003,2,892.45,0.0,,Returning
ORD125422,2025-09-28 10:59:00,ST02,SKU0003,3,892.45,0.0,,Returning
ORD125422,2025-09-28 13:11:00,ST02,SKU0048,2,321.8,0.0,,Returning
ORD125423,2025-09-28 09:18:00,ST01,SKU0033,2,664.08,0.0,,Returning
ORD125424,2025-09-28 15:44:00,ST02,SKU0011,1,822.13,0.0,,Returning
ORD125424,2025-09-28 09:29:00,ST02,SKU0003,1,892.45,0.0,,New
ORD125424,2025-09-28 10:57:00,ST02,SKU0048,3,321.8,0.0,,Returning
ORD125424,2025-09-28 19:42:00,ST02,SKU0050,1,142.58,0.0,,Returning
ORD125425,2025-09-28 22:49:00,ST05,SKU0027,1,744.28,0.0,,New
ORD125425,2025-09-28 12:19:00,ST05,SKU0003,2,892.45,0.0,,Returning
ORD125425,2025-09-28 09:43:00,ST05,SKU0033,1,664.08,0.0,,Returning
ORD125426,2025-09-28 08:45:00,ST01,SKU0003,1,892.45,0.0,,Returning
ORD125426,2025-09-28 14:05:00,ST01,SKU0003,3,892.45,0.0,,Returning
ORD125427,2025-09-28 12:21:00,ST05,SKU0027,3,744.28,0.0,,New
ORD125427,2025-09-28 16:14:00,ST05,SKU0003,1,892.45,0.0,,Returning
ORD125427,2025-09-28 16:37:00,ST05,SKU0050,3,142.58,0.0,,Returning
ORD125428,2025-09-28 13:09:00,ST05,SKU0050,1,142.58,0.0,,Returning
ORD125428,2025-09-28 14:48:00,ST05,SKU0003,2,892.45,0.0,,Returning
ORD125428,2025-09-28 15:56:00,ST05,SKU0050,1,142.58,0.0,,Returning
ORD125429,2025-09-28 20:17:00,ST02,SKU0011,3,822.13,0.0,,Returning
ORD125429,2025-09-28 16:42:00,ST02,SKU0030,3,862.27,0.0,,Returning
ORD125429,2025-09-28 12:52:00,ST02,SKU0030,3,862.27,0.0,,Returning
ORD125430,2025-09-28 18:04:00,ST04,SKU0033,3,664.08,0.0,,Returning
ORD125430,2025-09-28 20:37:00,ST04,SKU0003,2,892.45,0.0,,Returning
ORD125430,2025-09-28 16:51:00,ST04,SKU0050,1,142.58,0.0,,Returning
ORD125431,2025-09-28 17:04:00,ST04,SKU0003,2,892.45,0.0,,Returning
ORD125431,2025-09-28 20:45:00,ST04,SKU0033,2,664.08,0.0,,Returning
ORD125431,2025-09-28 16:34:00,ST04,SKU0048,1,321.8,0.0,,New
ORD125431,2025-09-28 17:57:00,ST04,SKU0050,2,142.58,0.0,,Returning
ORD125432,2025-09-28 17:13:00,ST06,SKU0022,3,664.91,0.0,,Returning
ORD125432,2025-09-28 10:00:00,ST06,SKU0040,3,731.49,0.0,,Returning
ORD125432,2025-09-28 09:27:00,ST06,SKU0003,1,892.45,0.0,,Returning
ORD125432,2025-09-28 11:55:00,ST06,SKU0048,3,321.8,0.0,,Returning
ORD125433,2025-09-28 11:08:00,ST05,SKU0047,2,486.3,0.0,,Returning
ORD125433,2025-09-28 16:35:00,ST05,SKU0019,1,757.09,0.0,,New
ORD125434,2025-09-28 09:58:00,WEB,SKU0003,1,892.45,0.0,,Returning
ORD125435,2025-09-28 16:14:00,ST05,SKU0011,1,822.13,0.0,,Returning
ORD125435,2025-09-28 09:01:00,ST05,SKU0003,3,892.45,0.0,,New
ORD125435,2025-09-28 14:14:00,ST05,SKU0032,1,796.41,0.0,,Returning
ORD125435,2025-09-28 18:09:00,ST05,SKU0050,1,142.58,0.0,,Returning
ORD125436,2025-09-28 19:19:00,WEB,SKU0033,3,664.08,0.0,,Returning
ORD125436,2025-09-28 13:55:00,WEB,SKU0031,3,912.28,0.0,,Returning
ORD125436,2025-09-28 11:57:00,WEB,SKU0050,1,142.58,0.0,,Returning
ORD125437,2025-09-28 22:50:00,ST02,SKU0027,3,744.28,0.0,,New
ORD125437,2025-09-28 16:44:00,ST02,SKU0007,3,705.44,0.0,,Returning
ORD125437,2025-09-28 18:52:00,ST02,SKU0039,1,551.25,0.0,,Returning
ORD125437,2025-09-28 16:02:00,ST02,SKU0027,2,744.28,0.0,,Returning
ORD125438,2025-09-28 11:47:00,ST02,SKU0050,2,142.58,0.0,,Returning
ORD125438,2025-09-28 12:39:00,ST02,SKU0050,3,142.58,0.0,,Returning
ORD125439,2025-09-28 17:05:00,B2B,SKU0050,87,142.58,0.0,,Business
ORD125439,2025-09-28 09:18:00,B2B,SKU0001,44,457.07,0.0,,Business
ORD125439,2025-09-28 13:55:00,B2B,SKU0006,115,775.37,0.0,,Business
ORD125439,2025-09-28 08:50:00,B2B,SKU0032,83,796.41,0.0,,Business
ORD125440,2025-09-28 17:03:00,ST03,SKU0003,1,892.45,0.0,,Returning
ORD125440,2025-09-28 18:47:00,ST03,SKU0033,3,664.08,0.0,,Returning
ORD125440,2025-09-28 18:44:00,ST03,SKU0040,3,731.49,0.0,,Returning
ORD125441,2025-09-28 20:56:00,WEB,SKU0032,3,796.41,0.0,,New
ORD125441,2025-09-28 20:35:00,WEB,SKU0022,3,664.91,0.0,,Returning
ORD125441,2025-09-28 11:47:00,WEB,SKU0039,1,551.25,0.0,,Returning
ORD125442,2025-09-28 08:15:00,ST05,SKU0048,2,321.8,0.0,,Returning
ORD125442,2025-09-28 08:32:00,ST05,SKU0039,2,551.25,0.0,,Returning
ORD125442,2025-09-28 21:55:00,ST05,SKU0050,2,142.58,0.0,,Returning
ORD125443,2025-09-28 12:05:00,WEB,SKU0050,2,142.58,0.0,,Returning
ORD125443,2025-09-28 14:15:00,WEB,SKU0003,3,892.45,0.0,,Returning
ORD125443,2025-09-28 09:21:00,WEB,SKU0050,3,142.58,0.0,,New
ORD125443,2025-09-28 22:55:00,WEB,SKU0003,2,892.45,0.0,,Returning
ORD125444,2025-09-28 21:30:00,ST02,SKU0030,2,862.27,0.0,,Returning
ORD125445,2025-09-28 22:38:00,ST02,SKU0050,1,142.58,0.0,,Returning
ORD125445,2025-09-28 18:07:00,ST02,SKU0031,3,912.28,0.0,,Returning
ORD125446,2025-09-28 09:33:00,ST03,SKU0003,1,892.45,0.0,,Returning
ORD125446,2025-09-28 15:23:00,ST03,SKU0027,3,744.28,0.0,,New
ORD125446,2025-09-28 10:15:00,ST03,SKU0050,1,142.58,0.0,,New
ORD125446,2025-09-28 12:24:00,ST03,SKU0019,3,757.09,0.0,,Returning
ORD125447,2025-09-28 09:54:00,ST02,SKU0050,2,142.58,0.0,,Returning
ORD125448,2025-09-28 22:08:00,WEB,SKU0048,3,321.8,0.0,,New
ORD125449,2025-09-28 16:03:00,WEB,SKU0050,2,142.58,0.0,,Returning
ORD125449,2025-09-28 12:44:00,WEB,SKU0003,2,892.45,0.0,,New
ORD125450,2025-09-28 09:03:00,ST01,SKU0027,3,744.28,0.0,,New
ORD125451,2025-09-28 21:50:00,B2B,SKU0006,90,775.37,0.0,,Business
ORD125451,2025-09-28 10:25:00,B2B,SKU0027,54,744.28,0.0,,Business
ORD125452,2025-09-28 13:04:00,ST04,SKU0003,3,892.45,0.0,,New
ORD125452,2025-09-28 21:10:00,ST04,SKU0003,3,892.45,0.0,,New
ORD125452,2025-09-28 10:26:00,ST04,SKU0050,1,142.58,0.0,,New
ORD125452,2025-09-28 19:34:00,ST04,SKU0031,2,912.28,0.0,,Returning
ORD125453,2025-09-28 19:35:00,ST03,SKU0003,1,892.45,0.0,,New
ORD125454,2025-09-28 12:10:00,ST03,SKU0027,1,744.28,0.0,,Returning
ORD125454,2025-09-28 18:04:00,ST03,SKU0039,2,551.25,0.0,,New
ORD125455,2025-09-28 22:11:00,ST06,SKU0031,1,912.28,0.0,,Returning
ORD125455,2025-09-28 14:44:00,ST06,SKU0027,1,744.28,0.0,,Returning
ORD125455,2025-09-28 21:02:00,ST06,SKU0034,2,364.75,0.0,,New
ORD125455,2025-09-28 13:25:00,ST06,SKU0003,3,892.45,0.0,,Returning
ORD125456,2025-09-28 14:37:00,ST04,SKU0020,2,481.01,0.0,,New
ORD125456,2025-09-28 10:51:00,ST04,SKU0046,2,223.59,0.0,,Returning
ORD125457,2025-09-28 08:51:00,ST05,SKU0031,2,912.28,0.0,,Returning
ORD125457,2025-09-28 17:01:00,ST05,SKU0050,2,142.58,0.0,,Returning
ORD125457,2025-09-28 12:39:00,ST05,SKU0020,3,481.01,0.0,,New
ORD125457,2025-09-28 10:57:00,ST05,SKU0003,3,892.45,0.0,,New
ORD125458,2025-09-28 09:08:00,ST03,SKU0003,1,892.45,0.0,,Returning
ORD125458,2025-09-28 19:07:00,ST03,SKU0027,3,744.28,0.0,,Returning
ORD125458,2025-09-28 18:39:00,ST03,SKU0020,3,481.01,0.0,,Returning
ORD125458,2025-09-28 21:10:00,ST03,SKU0003,1,892.45,0.0,,Returning
ORD125459,2025-09-28 12:53:00,ST01,SKU0031,2,912.28,0.0,,New
ORD125459,2025-09-28 19:22:00,ST01,SKU0003,2,892.45,0.0,,Returning
ORD125460,2025-09-28 09:05:00,ST04,SKU0003,2,892.45,0.0,,New
ORD125460,2025-09-28 21:53:00,ST04,SKU0032,1,796.41,0.0,,Returning
ORD125461,2025-09-28 09:05:00,ST01,SKU0050,3,142.58,0.0,,New
ORD125461,2025-09-28 14:43:00,ST01,SKU0003,1,892.45,0.0,,New
ORD125462,2025-09-28 16:14:00,ST02,SKU0003,1,892.45,0.0,,Returning
ORD125462,2025-09-28 16:10:00,ST02,SKU0027,2,744.28,0.0,,New
ORD125462,2025-09-28 19:22:00,ST02,SKU0003,2,892.45,0.0,,Returning
ORD125463,2025-09-28 19:31:00,ST04,SKU0003,2,892.45,0.0,,Returning
ORD125463,2025-09-28 13:40:00,ST04,SKU0050,3,142.58,0.0,,Returning
ORD125464,2025-09-28 19:45:00,ST05,SKU0050,1,142.58,0.0,,Returning
ORD125464,2025-09-28 13:55:00,ST05,SKU0039,3,551.25,0.0,,Returning
ORD125464,2025-09-28 21:15:00,ST05,SKU0003,2,892.45,0.0,,New
ORD125465,2025-09-28 12:17:00,ST02,SKU0003,1,892.45,0.0,,Returning
ORD125465,2025-09-28 13:00:00,ST02,SKU0030,1,862.27,0.0,,Returning
ORD125465,2025-09-28 09:52:00,ST02,SKU0040,2,731.49,0.0,,Returning
ORD125465,2025-09-28 17:43:00,ST02,SKU0033,3,664.08,0.0,,Returning
ORD125466,2025-09-28 14:22:00,WEB,SKU0003,2,892.45,0.0,,Returning
ORD125466,2025-09-28 13:48:00,WEB,SKU0027,1,744.28,0.0,,Returning
ORD125466,2025-09-28 19:52:00,WEB,SKU0003,2,892.45,0.0,,New
ORD125466,2025-09-28 17:51:00,WEB,SKU0050,1,142.58,0.0,,New
ORD125467,2025-09-28 15:30:00,ST04,SKU0029,2,898.86,0.0,,Returning
ORD125468,2025-09-28 20:51:00,ST06,SKU0013,1,43.38,0.0,,Returning
ORD125468,2025-09-28 14:44:00,ST06,SKU0050,1,142.58,0.0,,Returning
ORD125468,2025-09-28 18:28:00,ST06,SKU0050,2,142.58,0.0,,Returning
ORD125469,2025-09-28 10:55:00,ST05,SKU0027,1,744.28,0.0,,New
ORD125469,2025-09-28 16:59:00,ST05,SKU0039,1,551.25,0.0,,Returning
ORD125469,2025-09-28 16:51:00,ST05,SKU0005,1,898.6,0.0,,Returning
ORD125469,2025-09-28 09:29:00,ST05,SKU0003,3,892.45,0.0,,New
ORD125470,2025-09-28 09:47:00,WEB,SKU0029,2,898.86,0.0,,Returning
ORD125471,2025-09-28 13:33:00,ST04,SKU0050,2,142.58,0.0,,Returning
ORD125471,2025-09-28 18:10:00,ST04,SKU0031,2,912.28,0.0,,New
ORD125471,2025-09-28 11:22:00,ST04,SKU0023,3,313.79,0.0,,Returning
ORD125471,2025-09-28 20:02:00,ST04,SKU0033,1,664.08,0.0,,Returning
ORD125472,2025-09-28 19:29:00,WEB,SKU0050,2,142.58,0.0,,Returning
ORD125472,2025-09-28 17:35:00,WEB,SKU0048,1,321.8,0.0,,Returning
ORD125472,2025-09-28 22:09:00,WEB,SKU0010,3,29.76,0.0,,Returning
ORD125473,2025-09-28 18:06:00,WEB,SKU0050,2,142.58,0.0,,Returning
ORD125473,2025-09-28 22:52:00,WEB,SKU0003,3,892.45,0.0,,Returning
ORD125473,2025-09-28 09:07:00,WEB,SKU0020,1,481.01,0.0,,Returning
ORD125474,2025-09-28 16:12:00,ST02,SKU0050,1,142.58,0.0,,Returning
ORD125475,2025-09-28 20:55:00,WEB,SKU0039,1,551.25,0.0,,New
ORD125476,2025-09-28 08:06:00,WEB,SKU0039,3,551.25,0.0,,New
ORD125477,2025-09-28 15:16:00,WEB,SKU0003,2,892.45,0.0,,Returning
ORD125477,2025-09-28 18:54:00,WEB,SKU0031,2,912.28,0.0,,Returning
ORD125477,2025-09-28 15:24:00,WEB,SKU0050,3,142.58,0.0,,Returning
ORD125478,2025-09-28 12:42:00,ST02,SKU0003,2,892.45,0.0,,Returning
ORD125478,2025-09-28 18:55:00,ST02,SKU0006,1,775.37,0.0,,New
ORD125478,2025-09-28 12:34:00,ST02,SKU0013,1,43.38,0.0,,Returning
ORD125478,2025-09-28 13:30:00,ST02,SKU0008,2,653.85,0.0,,New
ORD125479,2025-09-28 21:48:00,ST05,SKU0032,3,796.41,0.0,,Returning
ORD125479,2025-09-28 09:06:00,ST05,SKU0003,1,892.45,0.0,,Returning
ORD125480,2025-09-28 14:48:00,ST01,SKU0027,2,744.28,0.0,,New
ORD125481,2025-09-28 22:20:00,ST03,SKU0018,1,503.77,0.0,,Returning
ORD125481,2025-09-28 16:09:00,ST03,SKU0033,1,664.08,0.0,,Returning
ORD125481,2025-09-28 11:51:00,ST03,SKU0003,2,892.45,0.0,,Returning
ORD125481,2025-09-28 21:19:00,ST03,SKU0029,3,898.86,0.0,,Returning
ORD125482,2025-09-28 11:59:00,ST03,SKU0043,1,526.02,0.0,,New
ORD125482,2025-09-28 21:53:00,ST03,SKU0039,2,551.25,0.0,,Returning
ORD125482,2025-09-28 22:12:00,ST03,SKU0050,2,142.58,0.0,,Returning
ORD125482,2025-09-28 22:16:00,ST03,SKU0050,1,142.58,0.0,,Returning
ORD125483,2025-09-28 16:55:00,WEB,SKU0050,2,142.58,0.0,,Returning
ORD125483,2025-09-28 14:33:00,WEB,SKU0050,3,142.58,0.0,,Returning
ORD125484,2025-09-28 20:15:00,ST02,SKU0003,2,892.45,0.0,,Returning
ORD125484,2025-09-28 13:50:00,ST02,SKU0032,1,796.41,0.0,,Returning
ORD125485,2025-09-28 20:11:00,ST05,SKU0003,1,892.45,0.0,,Returning
ORD125486,2025-09-28 16:56:00,ST01,SKU0050,3,142.58,0.0,,New
ORD125486,2025-09-28 13:59:00,ST01,SKU0050,1,142.58,0.0,,Returning
ORD125486,2025-09-28 09:46:00,ST01,SKU0003,1,892.45,0.0,,Returning
ORD125486,2025-09-28 13:11:00,ST01,SKU0031,1,912.28,0.0,,Returning
ORD125487,2025-09-28 17:18:00,ST05,SKU0050,1,142.58,0.0,,Returning
ORD125487,2025-09-28 12:42:00,ST05,SKU0031,3,912.28,0.0,,Returning
ORD125487,2025-09-28 13:39:00,ST05,SKU0020,3,481.01,0.0,,Returning
ORD125488,2025-09-28 18:58:00,ST01,SKU0003,2,892.45,0.0,,Returning
ORD125488,2025-09-28 15:04:00,ST01,SKU0043,3,526.02,0.0,,Returning
ORD125489,2025-09-28 13:44:00,ST01,SKU0003,1,892.45,0.0,,Returning
ORD125489,2025-09-28 19:08:00,ST01,SKU0031,3,912.28,0.0,,Returning
ORD125489,2025-09-28 10:19:00,ST01,SKU0050,1,142.58,0.0,,Returning
ORD125490,2025-09-28 13:43:00,ST03,SKU0019,3,757.09,0.0,,Returning
ORD125490,2025-09-28 17:30:00,ST03,SKU0048,1,321.8,0.0,,Returning
ORD125490,2025-09-28 12:03:00,ST03,SKU0048,1,321.8,0.0,,Returning
ORD125491,2025-09-28 10:06:00,ST03,SKU0003,3,892.45,0.0,,Returning
ORD125491,2025-09-28 15:24:00,ST03,SKU0050,2,142.58,0.0,,Returning
ORD125491,2025-09-28 17:31:00,ST03,SKU0003,1,892.45,0.0,,New
ORD125492,2025-09-28 09:34:00,ST02,SKU0003,2,892.45,0.0,,Returning
ORD125492,2025-09-28 17:18:00,ST02,SKU0050,3,142.58,0.0,,New
ORD125492,2025-09-28 21:07:00,ST02,SKU0039,1,551.25,0.0,,New
ORD125493,2025-09-28 18:38:00,ST01,SKU0010,3,29.76,0.0,,Returning
ORD125493,2025-09-28 14:57:00,ST01,SKU0003,1,892.45,0.0,,Returning
ORD125493,2025-09-28 12:23:00,ST01,SKU0013,3,43.38,0.0,,New
ORD125493,2025-09-28 21:09:00,ST01,SKU0050,1,142.58,0.0,,Returning
ORD125494,2025-09-28 12:07:00,ST01,SKU0003,3,892.45,0.0,,Returning
ORD125494,2025-09-28 21:29:00,ST01,SKU0050,1,142.58,0.0,,Returning
ORD125495,2025-09-28 10:11:00,ST03,SKU0005,3,898.6,0.0,,Returning
ORD125495,2025-09-28 10:19:00,ST03,SKU0033,2,664.08,0.0,,Returning
ORD125495,2025-09-28 10:03:00,ST03,SKU0032,2,796.41,0.0,,New
ORD125496,2025-09-28 19:28:00,WEB,SKU0005,2,898.6,0.0,,Returning
ORD125496,2025-09-28 15:48:00,WEB,SKU0003,3,892.45,0.0,,New
ORD125496,2025-09-28 09:41:00,WEB,SKU0003,1,892.45,0.0,,Returning
ORD125497,2025-09-28 14:00:00,WEB,SKU0030,3,862.27,0.0,,Returning
ORD125497,2025-09-28 09:18:00,WEB,SKU0050,1,142.58,0.0,,Returning
ORD125497,2025-09-28 19:29:00,WEB,SKU0050,2,142.58,0.0,,Returning
ORD125498,2025-09-28 09:06:00,ST05,SKU0003,3,892.45,0.0,,Returning
ORD125498,2025-09-28 19:28:00,ST05,SKU0050,3,142.58,0.0,,Returning
ORD125498,2025-09-28 19:19:00,ST05,SKU0003,2,892.45,0.0,,Returning
ORD125499,2025-09-28 13:36:00,ST04,SKU0050,3,142.58,0.0,,Returning
ORD125500,2025-09-28 14:02:00,WEB,SKU0048,3,321.8,0.0,,Returning
ORD125501,2025-09-28 18:38:00,ST01,SKU0050,3,142.58,0.0,,Returning
ORD125502,2025-09-28 19:33:00,ST01,SKU0020,1,481.01,0.0,,Returning
ORD125502,2025-09-28 09:09:00,ST01,SKU0043,2,526.02,0.0,,Returning
ORD125503,2025-09-28 08:47:00,ST02,SKU0043,2,526.02,0.0,,Returning
ORD125503,2025-09-28 19:41:00,ST02,SKU0027,2,744.28,0.0,,Returning
ORD125503,2025-09-28 09:35:00,ST02,SKU0050,3,142.58,0.0,,Returning
ORD125503,2025-09-28 15:59:00,ST02,SKU0003,3,892.45,0.0,,Returning
ORD125504,2025-09-28 18:14:00,WEB,SKU0050,2,142.58,0.0,,Returning
ORD125504,2025-09-28 12:26:00,WEB,SKU0050,1,142.58,0.0,,Returning
ORD125504,2025-09-28 14:34:00,WEB,SKU0031,1,912.28,0.0,,Returning
ORD125504,2025-09-28 18:21:00,WEB,SKU0003,2,892.45,0.0,,Returning
ORD125505,2025-09-28 14:59:00,ST05,SKU0003,2,892.45,0.0,,New
ORD125506,2025-09-28 12:41:00,ST06,SKU0050,1,142.58,0.0,,Returning
ORD125506,2025-09-28 15:26:00,ST06,SKU0043,1,526.02,0.0,,Returning
ORD125507,2025-09-28 14:13:00,ST01,SKU0050,1,142.58,0.0,,New
ORD125507,2025-09-28 17:10:00,ST01,SKU0018,1,503.77,0.0,,Returning
ORD125507,2025-09-28 11:36:00,ST01,SKU0050,1,142.58,0.0,,Returning
ORD125508,2025-09-28 19:00:00,ST05,SKU0050,2,142.58,0.0,,Returning
ORD125509,2025-09-28 12:51:00,WEB,SKU0050,1,142.58,0.0,,Returning
ORD125509,2025-09-28 08:22:00,WEB,SKU0003,3,892.45,0.0,,Returning
ORD125510,2025-09-28 14:53:00,ST04,SKU0027,3,744.28,0.0,,Returning
ORD125510,2025-09-28 14:48:00,ST04,SKU0003,2,892.45,0.0,,Returning
ORD125511,2025-09-28 18:34:00,ST06,SKU0031,1,912.28,0.0,,Returning
ORD125512,2025-09-28 15:51:00,WEB,SKU0043,3,526.02,0.0,,Returning
ORD125513,2025-09-28 14:29:00,ST03,SKU0003,1,892.45,0.0,,Returning
ORD125513,2025-09-28 18:36:00,ST03,SKU0003,1,892.45,0.0,,Returning
ORD125514,2025-09-28 22:28:00,ST02,SKU0032,2,796.41,0.0,,Returning
ORD125514,2025-09-28 20:00:00,ST02,SKU0015,3,535.76,0.0,,New
ORD125515,2025-09-28 19:25:00,WEB,SKU0020,2,481.01,0.0,,Returning
ORD125515,2025-09-28 09:16:00,WEB,SKU0027,1,744.28,0.0,,Returning
ORD125516,2025-09-28 19:54:00,ST05,SKU0027,2,744.28,0.0,,Returning
ORD125516,2025-09-28 20:49:00,ST05,SKU0003,1,892.45,0.0,,Returning
ORD125516,2025-09-28 13:40:00,ST05,SKU0031,1,912.28,0.0,,Returning
ORD125516,2025-09-28 16:50:00,ST05,SKU0003,1,892.45,0.0,,Returning
ORD125517,2025-09-28 18:15:00,ST05,SKU0003,3,892.45,0.0,,New
ORD125517,2025-09-28 16:24:00,ST05,SKU0040,3,731.49,0.0,,Returning
ORD125517,2025-09-28 15:51:00,ST05,SKU0043,1,526.02,0.0,,Returning
ORD125518,2025-09-28 13:35:00,WEB,SKU0003,3,892.45,0.0,,Returning
ORD125518,2025-09-28 22:45:00,WEB,SKU0003,1,892.45,0.0,,New
ORD125518,2025-09-28 19:36:00,WEB,SKU0003,2,892.45,0.0,,Returning
ORD125519,2025-09-28 22:14:00,ST06,SKU0019,1,757.09,0.0,,Returning
ORD125519,2025-09-28 17:06:00,ST06,SKU0027,2,744.28,0.0,,New
ORD125519,2025-09-28 19:58:00,ST06,SKU0050,2,142.58,0.0,,New
ORD125520,2025-09-28 16:16:00,ST05,SKU0002,1,939.58,0.0,,Returning
ORD125521,2025-09-28 22:01:00,ST03,SKU0018,2,503.77,0.0,,Returning
ORD125521,2025-09-28 18:55:00,ST03,SKU0019,3,757.09,0.0,,Returning
ORD125521,2025-09-28 20:45:00,ST03,SKU0050,1,142.58,0.0,,Returning
ORD125522,2025-09-28 19:58:00,ST01,SKU0003,3,892.45,0.0,,Returning
ORD125523,2025-09-28 18:02:00,ST06,SKU0003,3,892.45,0.0,,Returning
ORD125523,2025-09-28 22:59:00,ST06,SKU0011,2,822.13,0.0,,Returning
ORD125523,2025-09-28 08:34:00,ST06,SKU0031,3,912.28,0.0,,Returning
ORD125524,2025-09-28 12:37:00,ST01,SKU0050,2,142.58,0.0,,Returning
ORD125524,2025-09-28 22:29:00,ST01,SKU0003,2,892.45,0.0,,New
ORD125524,2025-09-28 09:32:00,ST01,SKU0003,1,892.45,0.0,,New
ORD125525,2025-09-28 14:25:00,WEB,SKU0005,1,898.6,0.0,,Returning
ORD125525,2025-09-28 21:22:00,WEB,SKU0003,3,892.45,0.0,,Returning
ORD125526,2025-09-28 13:48:00,ST01,SKU0050,2,142.58,0.0,,New
ORD125526,2025-09-28 14:22:00,ST01,SKU0027,1,744.28,0.0,,Returning
ORD125526,2025-09-28 19:06:00,ST01,SKU0003,1,892.45,0.0,,Returning
ORD125527,2025-09-28 22:55:00,WEB,SKU0008,2,653.85,0.0,,New
ORD125527,2025-09-28 09:24:00,WEB,SKU0050,2,142.58,0.0,,Returning
ORD125527,2025-09-28 08:08:00,WEB,SKU0034,2,364.75,0.0,,Returning
ORD125527,2025-09-28 17:55:00,WEB,SKU0029,2,898.86,0.0,,Returning
ORD125528,2025-09-28 15:37:00,WEB,SKU0042,3,641.67,0.0,,New
ORD125528,2025-09-28 08:20:00,WEB,SKU0048,1,321.8,0.0,,Returning
ORD125528,2025-09-28 18:20:00,WEB,SKU0003,2,892.45,0.0,,Returning
ORD125528,2025-09-28 10:26:00,WEB,SKU0003,1,892.45,0.0,,Returning
ORD125529,2025-09-28 12:07:00,ST06,SKU0050,1,142.58,0.0,,New
ORD125529,2025-09-28 22:39:00,ST06,SKU0003,1,892.45,0.0,,Returning
ORD125529,2025-09-28 16:52:00,ST06,SKU0027,2,744.28,0.0,,Returning
ORD125529,2025-09-28 21:33:00,ST06,SKU0050,2,142.58,0.0,,New
ORD125530,2025-09-28 14:33:00,ST02,SKU0019,3,757.09,0.0,,Returning
ORD125530,2025-09-28 17:14:00,ST02,SKU0027,2,744.28,0.0,,Returning
ORD125530,2025-09-28 13:46:00,ST02,SKU0048,3,321.8,0.0,,New
ORD125531,2025-09-28 11:34:00,ST05,SKU0006,2,775.37,0.0,,Returning
ORD125531,2025-09-28 11:29:00,ST05,SKU0020,3,481.01,0.0,,New
ORD125531,2025-09-28 11:10:00,ST05,SKU0006,2,775.37,0.0,,Returning
ORD125531,2025-09-28 14:16:00,ST05,SKU0003,3,892.45,0.0,,New
ORD125532,2025-09-28 11:16:00,WEB,SKU0027,3,744.28,0.0,,Returning
ORD125532,2025-09-28 22:22:00,WEB,SKU0043,3,526.02,0.0,,New
ORD125532,2025-09-28 19:32:00,WEB,SKU0050,3,142.58,0.0,,New
ORD125532,2025-09-28 22:24:00,WEB,SKU0027,2,744.28,0.0,,Returning
ORD125533,2025-09-28 16:03:00,ST02,SKU0005,1,898.6,0.0,,Returning
ORD125533,2025-09-28 13:48:00,ST02,SKU0050,2,142.58,0.0,,Returning
ORD125533,2025-09-28 13:17:00,ST02,SKU0006,1,775.37,0.0,,New
ORD125534,2025-09-28 22:22:00,ST03,SKU0048,2,321.8,0.0,,Returning
ORD125534,2025-09-28 15:45:00,ST03,SKU0044,1,115.79,0.0,,Returning
ORD125535,2025-09-28 09:22:00,ST05,SKU0003,2,892.45,0.0,,New
ORD125535,2025-09-28 18:06:00,ST05,SKU0003,3,892.45,0.0,,Returning
ORD125535,2025-09-28 21:31:00,ST05,SKU0030,2,862.27,0.0,,Returning
ORD125536,2025-09-28 18:05:00,ST02,SKU0050,2,142.58,0.0,,New
ORD125536,2025-09-28 17:33:00,ST02,SKU0031,3,912.28,0.0,,Returning
ORD125536,2025-09-28 16:59:00,ST02,SKU0043,1,526.02,0.0,,New
ORD125537,2025-09-28 20:33:00,ST04,SKU0043,1,526.02,0.0,,Returning
ORD125537,2025-09-28 16:07:00,ST04,SKU0027,2,744.28,0.0,,Returning
ORD125537,2025-09-28 21:24:00,ST04,SKU0030,2,862.27,0.0,,Returning
ORD125538,2025-09-28 20:44:00,ST05,SKU0003,3,892.45,0.0,,Returning
ORD125538,2025-09-28 18:46:00,ST05,SKU0050,3,142.58,0.0,,Returning
ORD125538,2025-09-28 12:41:00,ST05,SKU0034,1,364.75,0.0,,Returning
ORD125538,2025-09-28 18:26:00,ST05,SKU0003,2,892.45,0.0,,Returning
ORD125539,2025-09-28 13:43:00,ST04,SKU0003,2,892.45,0.0,,New
ORD125539,2025-09-28 12:19:00,ST04,SKU0002,1,939.58,0.0,,Returning
ORD125539,2025-09-28 18:17:00,ST04,SKU0003,3,892.45,0.0,,Returning
ORD125540,2025-09-28 09:18:00,ST01,SKU0004,2,109.56,0.0,,Returning
ORD125540,2025-09-28 13:11:00,ST01,SKU0039,2,551.25,0.0,,New
ORD125540,2025-09-28 15:00:00,ST01,SKU0027,1,744.28,0.0,,Returning
ORD125541,2025-09-28 18:06:00,ST04,SKU0050,2,142.58,0.0,,Returning
ORD125541,2025-09-28 11:01:00,ST04,SKU0003,2,892.45,0.0,,Returning
ORD125542,2025-09-28 13:30:00,WEB,SKU0039,1,551.25,0.0,,Returning
ORD125542,2025-09-28 16:18:00,WEB,SKU0050,2,142.58,0.0,,New
ORD125542,2025-09-28 16:15:00,WEB,SKU0019,3,757.09,0.0,,Returning
ORD125543,2025-09-28 22:07:00,ST02,SKU0003,3,892.45,0.0,,New
ORD125543,2025-09-28 10:40:00,ST02,SKU0020,3,481.01,0.0,,Returning
ORD125543,2025-09-28 11:07:00,ST02,SKU0048,3,321.8,0.0,,Returning
ORD125544,2025-09-28 15:17:00,B2B,SKU0050,82,142.58,0.0,,Business
ORD125545,2025-09-28 09:38:00,ST05,SKU0003,1,892.45,0.0,,Returning
ORD125546,2025-09-28 22:38:00,ST06,SKU0027,3,744.28,0.0,,New
ORD125546,2025-09-28 21:09:00,ST06,SKU0032,2,796.41,0.0,,Returning
ORD125546,2025-09-28 08:36:00,ST06,SKU0003,3,892.45,0.0,,Returning
ORD125547,2025-09-28 12:30:00,WEB,SKU0003,1,892.45,0.0,,New
ORD125547,2025-09-28 18:15:00,WEB,SKU0003,2,892.45,0.0,,Returning
ORD125547,2025-09-28 20:27:00,WEB,SKU0003,1,892.45,0.0,,New
ORD125548,2025-09-28 12:50:00,ST02,SKU0003,2,892.45,0.0,,New
ORD125548,2025-09-28 11:38:00,ST02,SKU0027,3,744.28,0.0,,Returning
ORD125549,2025-09-28 08:18:00,ST06,SKU0033,2,664.08,0.0,,Returning
ORD125549,2025-09-28 11:36:00,ST06,SKU0050,1,142.58,0.0,,Returning
ORD125549,2025-09-28 14:14:00,ST06,SKU0003,3,892.45,0.0,,Returning
ORD125549,2025-09-28 20:07:00,ST06,SKU0003,3,892.45,0.0,,New
ORD125550,2025-09-28 16:44:00,ST03,SKU0002,1,939.58,0.0,,New
ORD125551,2025-09-28 17:48:00,ST06,SKU0050,1,142.58,0.0,,New
ORD125551,2025-09-28 22:26:00,ST06,SKU0050,3,142.58,0.0,,Returning
ORD125551,2025-09-28 17:51:00,ST06,SKU0003,3,892.45,0.0,,New
ORD125552,2025-09-28 15:35:00,ST02,SKU0003,2,892.45,0.0,,New
ORD125552,2025-09-28 16:45:00,ST02,SKU0048,2,321.8,0.0,,New
ORD125553,2025-09-28 13:56:00,ST05,SKU0032,3,796.41,0.0,,Returning
ORD125553,2025-09-28 22:59:00,ST05,SKU0029,1,898.86,0.0,,Returning
ORD125553,2025-09-28 20:12:00,ST05,SKU0027,2,744.28,0.0,,New
ORD125553,2025-09-28 21:52:00,ST05,SKU0048,1,321.8,0.0,,Returning
ORD125554,2025-09-28 17:21:00,WEB,SKU0003,2,892.45,0.0,,Returning
ORD125554,2025-09-28 11:27:00,WEB,SKU0013,2,43.38,0.0,,Returning
ORD125555,2025-09-28 21:12:00,ST02,SKU0003,2,892.45,0.0,,Returning
ORD125555,2025-09-28 08:43:00,ST02,SKU0030,3,862.27,0.0,,New
ORD125555,2025-09-28 18:01:00,ST02,SKU0050,1,142.58,0.0,,Returning
ORD125555,2025-09-28 19:10:00,ST02,SKU0003,3,892.45,0.0,,Returning
ORD125556,2025-09-28 16:24:00,ST01,SKU0050,1,142.58,0.0,,New
ORD125556,2025-09-28 19:25:00,ST01,SKU0043,1,526.02,0.0,,Returning
ORD125557,2025-09-28 11:36:00,ST05,SKU0003,1,892.45,0.0,,Returning
ORD125558,2025-09-28 16:29:00,ST06,SKU0033,3,664.08,0.0,,Returning
ORD125558,2025-09-28 11:25:00,ST06,SKU0008,3,653.85,0.0,,Returning
ORD125559,2025-09-28 18:11:00,ST01,SKU0003,3,892.45,0.0,,New
ORD125560,2025-09-28 20:54:00,ST03,SKU0003,1,892.45,0.0,,Returning
ORD125560,2025-09-28 11:24:00,ST03,SKU0003,3,892.45,0.0,,Returning
ORD125561,2025-09-28 19:55:00,ST01,SKU0048,2,321.8,0.0,,New
ORD125561,2025-09-28 22:14:00,ST01,SKU0050,3,142.58,0.0,,Returning
ORD125562,2025-09-28 08:34:00,ST05,SKU0027,2,744.28,0.0,,Returning
ORD125562,2025-09-28 18:09:00,ST05,SKU0027,3,744.28,0.0,,Returning
ORD125562,2025-09-28 08:54:00,ST05,SKU0039,1,551.25,0.0,,New
ORD125563,2025-09-28 11:57:00,ST04,SKU0039,2,551.25,0.0,,Returning
ORD125564,2025-09-28 22:23:00,ST05,SKU0005,1,898.6,0.0,,Returning
ORD125564,2025-09-28 12:53:00,ST05,SKU0003,1,892.45,0.0,,Returning
ORD125565,2025-09-28 17:51:00,ST05,SKU0020,2,481.01,0.0,,New
ORD125565,2025-09-28 14:01:00,ST05,SKU0039,1,551.25,0.0,,Returning
ORD125565,2025-09-28 10:46:00,ST05,SKU0050,1,142.58,0.0,,Returning
ORD125566,2025-09-28 14:07:00,B2B,SKU0003,105,892.45,0.0,,Business
ORD125566,2025-09-28 21:35:00,B2B,SKU0031,43,912.28,0.0,,Business
ORD125566,2025-09-28 16:22:00,B2B,SKU0003,76,892.45,0.0,,Business
ORD125567,2025-09-28 14:29:00,WEB,SKU0050,3,142.58,0.0,,Returning
ORD125567,2025-09-28 09:43:00,WEB,SKU0033,3,664.08,0.0,,Returning
ORD125567,2025-09-28 22:08:00,WEB,SKU0039,1,551.25,0.0,,Returning
ORD125568,2025-09-28 15:04:00,ST04,SKU0048,2,321.8,0.0,,Returning
ORD125568,2025-09-28 13:33:00,ST04,SKU0027,2,744.28,0.0,,New
ORD125568,2025-09-28 15:36:00,ST04,SKU0003,2,892.45,0.0,,Returning
ORD125569,2025-09-28 11:00:00,ST06,SKU0048,3,321.8,0.0,,New
ORD125569,2025-09-28 11:22:00,ST06,SKU0048,3,321.8,0.0,,Returning
ORD125570,2025-09-28 16:26:00,ST05,SKU0003,2,892.45,0.0,,Returning
ORD125571,2025-09-28 21:35:00,ST05,SKU0050,1,142.58,0.0,,New
ORD125571,2025-09-28 09:58:00,ST05,SKU0003,2,892.45,0.0,,Returning
ORD125571,2025-09-28 11:49:00,ST05,SKU0003,3,892.45,0.0,,New
ORD125571,2025-09-28 20:24:00,ST05,SKU0003,2,892.45,0.0,,Returning
ORD125572,2025-09-28 22:16:00,WEB,SKU0050,1,142.58,0.0,,New
ORD125573,2025-09-28 22:15:00,ST03,SKU0003,2,892.45,0.0,,Returning
ORD125573,2025-09-28 17:35:00,ST03,SKU0050,3,142.58,0.0,,Returning
ORD125573,2025-09-28 14:55:00,ST03,SKU0032,3,796.41,0.0,,Returning
ORD125574,2025-09-28 19:15:00,ST01,SKU0003,2,892.45,0.0,,Returning
ORD125574,2025-09-28 12:31:00,ST01,SKU0029,2,898.86,0.0,,Returning
ORD125574,2025-09-28 11:04:00,ST01,SKU0050,1,142.58,0.0,,Returning
ORD125575,2025-09-28 09:16:00,WEB,SKU0030,1,862.27,0.0,,Returning
ORD125576,2025-09-28 13:46:00,ST03,SKU0003,2,892.45,0.0,,Returning
ORD125576,2025-09-28 18:07:00,ST03,SKU0003,3,892.45,0.0,,Returning
ORD125577,2025-09-28 22:28:00,ST03,SKU0003,3,892.45,0.0,,Returning
ORD125577,2025-09-28 15:06:00,ST03,SKU0003,2,892.45,0.0,,New
ORD125577,2025-09-28 21:56:00,ST03,SKU0006,1,775.37,0.0,,Returning
ORD125577,2025-09-28 21:47:00,ST03,SKU0033,3,664.08,0.0,,New
ORD125578,2025-09-28 08:50:00,ST03,SKU0011,3,822.13,0.0,,New
ORD125579,2025-09-28 15:46:00,ST01,SKU0020,1,481.01,0.0,,New
ORD125579,2025-09-28 12:38:00,ST01,SKU0005,3,898.6,0.0,,Returning
ORD125580,2025-09-28 12:24:00,WEB,SKU0050,1,142.58,0.0,,Returning
ORD125581,2025-09-28 15:36:00,ST06,SKU0031,3,912.28,0.0,,New
ORD125581,2025-09-28 08:56:00,ST06,SKU0050,3,142.58,0.0,,Returning
ORD125581,2025-09-28 10:12:00,ST06,SKU0020,1,481.01,0.0,,New
ORD125582,2025-09-28 16:42:00,WEB,SKU0003,1,892.45,0.0,,Returning
ORD125582,2025-09-28 22:58:00,WEB,SKU0050,3,142.58,0.0,,Returning
ORD125583,2025-09-28 09:44:00,ST06,SKU0048,1,321.8,0.0,,New
ORD125584,2025-09-28 08:11:00,ST04,SKU0006,2,775.37,0.0,,New
ORD125584,2025-09-28 10:50:00,ST04,SKU0031,3,912.28,0.0,,New
ORD125584,2025-09-28 10:44:00,ST04,SKU0003,1,892.45,0.0,,Returning
ORD125584,2025-09-28 21:08:00,ST04,SKU0003,1,892.45,0.0,,New
ORD125585,2025-09-28 09:18:00,ST05,SKU0050,3,142.58,0.0,,Returning
ORD125585,2025-09-28 16:13:00,ST05,SKU0050,3,142.58,0.0,,Returning
ORD125586,2025-09-28 20:17:00,ST01,SKU0007,3,705.44,0.0,,New
ORD125586,2025-09-28 11:23:00,ST01,SKU0031,1,912.28,0.0,,New
ORD125587,2025-09-28 15:50:00,ST06,SKU0042,1,641.67,0.0,,Returning
ORD125587,2025-09-28 20:57:00,ST06,SKU0043,2,526.02,0.0,,Returning
ORD125588,2025-09-28 10:06:00,B2B,SKU0027,112,744.28,0.0,,Business
ORD125588,2025-09-28 10:57:00,B2B,SKU0031,63,912.28,0.0,,Business
ORD125589,2025-09-28 18:22:00,ST05,SKU0033,3,664.08,0.0,,Returning
ORD125589,2025-09-28 21:40:00,ST05,SKU0003,3,892.45,0.0,,New
ORD125589,2025-09-28 12:37:00,ST05,SKU0033,1,664.08,0.0,,New
ORD125589,2025-09-28 13:47:00,ST05,SKU0027,2,744.28,0.0,,Returning
ORD125590,2025-09-28 21:31:00,WEB,SKU0011,3,822.13,0.0,,Returning
ORD125590,2025-09-28 14:19:00,WEB,SKU0003,1,892.45,0.0,,New
ORD125591,2025-09-28 16:18:00,ST02,SKU0032,2,796.41,0.0,,New
ORD125592,2025-09-28 21:03:00,WEB,SKU0003,2,892.45,0.0,,New
ORD125592,2025-09-28 16:34:00,WEB,SKU0050,2,142.58,0.0,,Returning
ORD125592,2025-09-28 22:34:00,WEB,SKU0003,3,892.45,0.0,,Returning
ORD125593,2025-09-28 08:17:00,ST02,SKU0048,3,321.8,0.0,,Returning
ORD125593,2025-09-28 17:32:00,ST02,SKU0050,2,142.58,0.0,,Returning
ORD125593,2025-09-28 12:23:00,ST02,SKU0050,3,142.58,0.0,,Returning
ORD125594,2025-09-28 15:15:00,ST06,SKU0027,3,744.28,0.0,,New
ORD125595,2025-09-28 10:03:00,ST03,SKU0003,1,892.45,0.0,,Returning
ORD125596,2025-09-28 19:10:00,ST04,SKU0039,3,551.25,0.0,,Returning
ORD125596,2025-09-28 22:25:00,ST04,SKU0003,3,892.45,0.0,,Returning
ORD125596,2025-09-28 09:40:00,ST04,SKU0003,3,892.45,0.0,,New
ORD125596,2025-09-28 19:47:00,ST04,SKU0050,1,142.58,0.0,,New
ORD125597,2025-09-28 16:29:00,ST05,SKU0003,1,892.45,0.0,,Returning
ORD125598,2025-09-28 16:38:00,ST05,SKU0027,1,744.28,0.0,,Returning
ORD125598,2025-09-28 10:40:00,ST05,SKU0048,3,321.8,0.0,,Returning
ORD125599,2025-09-28 11:34:00,WEB,SKU0003,1,892.45,0.0,,Returning
ORD125599,2025-09-28 14:46:00,WEB,SKU0050,2,142.58,0.0,,Returning
ORD125599,2025-09-28 13:24:00,WEB,SKU0006,1,775.37,0.0,,New
ORD125599,2025-09-28 12:02:00,WEB,SKU0018,1,503.77,0.0,,Returning
ORD125600,2025-09-28 17:20:00,ST02,SKU0003,2,892.45,0.0,,New
ORD125601,2025-09-28 13:19:00,ST05,SKU0033,1,664.08,0.0,,Returning
ORD125601,2025-09-28 09:58:00,ST05,SKU0027,2,744.28,0.0,,Returning
ORD125602,2025-09-28 11:09:00,WEB,SKU0050,2,142.58,0.0,,Returning
ORD125603,2025-09-28 10:24:00,ST03,SKU0039,3,551.25,0.0,,Returning
ORD125603,2025-09-28 21:59:00,ST03,SKU0048,1,321.8,0.0,,Returning
ORD125604,2025-09-28 12:21:00,ST04,SKU0003,2,892.45,0.0,,Returning
ORD125604,2025-09-28 13:47:00,ST04,SKU0040,1,731.49,0.0,,New
ORD125604,2025-09-28 19:50:00,ST04,SKU0029,2,898.86,0.0,,New
ORD125605,2025-09-28 11:02:00,WEB,SKU0018,2,503.77,0.0,,Returning
ORD125605,2025-09-28 20:57:00,WEB,SKU0048,1,321.8,0.0,,Returning
ORD125606,2025-09-28 10:24:00,WEB,SKU0050,3,142.58,0.0,,Returning
ORD125606,2025-09-28 21:12:00,WEB,SKU0003,2,892.45,0.0,,Returning
ORD125607,2025-09-28 15:50:00,ST05,SKU0048,1,321.8,0.0,,Returning
ORD125608,2025-09-28 13:52:00,ST03,SKU0050,1,142.58,0.0,,Returning
ORD125609,2025-09-28 17:10:00,ST03,SKU0003,2,892.45,0.0,,New
ORD125609,2025-09-28 11:10:00,ST03,SKU0008,1,653.85,0.0,,Returning
ORD125609,2025-09-28 16:32:00,ST03,SKU0048,3,321.8,0.0,,Returning
ORD125610,2025-09-28 09:51:00,ST01,SKU0050,3,142.58,0.0,,Returning
ORD125611,2025-09-28 18:54:00,ST04,SKU0050,2,142.58,0.0,,Returning
ORD125612,2025-09-28 14:59:00,ST03,SKU0003,1,892.45,0.0,,Returning
ORD125613,2025-09-28 17:29:00,WEB,SKU0050,2,142.58,0.0,,Returning
ORD125614,2025-09-28 22:58:00,ST05,SKU0031,1,912.28,0.0,,Returning
ORD125615,2025-09-28 14:20:00,ST01,SKU0019,2,757.09,0.0,,New
ORD125615,2025-09-28 11:24:00,ST01,SKU0050,3,142.58,0.0,,Returning
ORD125616,2025-09-28 11:13:00,ST03,SKU0048,3,321.8,0.0,,Returning
ORD125616,2025-09-28 16:39:00,ST03,SKU0027,2,744.28,0.0,,Returning
ORD125616,2025-09-28 09:45:00,ST03,SKU0019,3,757.09,0.0,,Returning
ORD125616,2025-09-28 20:11:00,ST03,SKU0027,3,744.28,0.0,,New
ORD125617,2025-09-28 16:26:00,ST01,SKU0004,2,109.56,0.0,,Returning
ORD125617,2025-09-28 11:55:00,ST01,SKU0039,3,551.25,0.0,,Returning
ORD125617,2025-09-28 22:20:00,ST01,SKU0050,1,142.58,0.0,,New
ORD125618,2025-09-28 08:44:00,ST02,SKU0003,2,892.45,0.0,,Returning
ORD125619,2025-09-28 10:44:00,B2B,SKU0050,46,142.58,0.0,,Business
ORD125619,2025-09-28 09:30:00,B2B,SKU0008,89,653.85,0.0,,Business
ORD125619,2025-09-28 17:59:00,B2B,SKU0003,34,892.45,0.0,,Business
ORD125620,2025-09-28 19:27:00,ST04,SKU0003,3,892.45,0.0,,New
ORD125620,2025-09-28 20:15:00,ST04,SKU0027,2,744.28,0.0,,New
ORD125621,2025-09-28 09:23:00,ST01,SKU0030,2,862.27,0.0,,Returning
ORD125621,2025-09-28 20:22:00,ST01,SKU0003,3,892.45,0.0,,Returning
ORD125621,2025-09-28 15:23:00,ST01,SKU0033,3,664.08,0.0,,Returning
ORD125621,2025-09-28 19:03:00,ST01,SKU0027,3,744.28,0.0,,New
ORD125622,2025-09-28 10:50:00,ST01,SKU0050,3,142.58,0.0,,New
ORD125622,2025-09-28 19:05:00,ST01,SKU0003,2,892.45,0.0,,Returning
ORD125622,2025-09-28 13:39:00,ST01,SKU0039,3,551.25,0.0,,Returning
ORD125623,2025-09-28 15:44:00,ST05,SKU0003,2,892.45,0.0,,Returning
ORD125624,2025-09-28 08:05:00,WEB,SKU0003,1,892.45,0.0,,Returning
ORD125624,2025-09-28 08:11:00,WEB,SKU0003,1,892.45,0.0,,Returning
ORD125624,2025-09-28 12:51:00,WEB,SKU0003,2,892.45,0.0,,Returning
ORD125625,2025-09-28 14:34:00,WEB,SKU0003,1,892.45,0.0,,Returning
ORD125625,2025-09-28 13:57:00,WEB,SKU0003,1,892.45,0.0,,New
ORD125625,2025-09-28 11:06:00,WEB,SKU0001,2,457.07,0.0,,Returning
ORD125625,2025-09-28 17:34:00,WEB,SKU0042,1,641.67,0.0,,Returning
ORD125626,2025-09-28 17:15:00,B2B,SKU0027,80,744.28,0.0,,Business
ORD125626,2025-09-28 17:42:00,B2B,SKU0018,113,503.77,0.0,,Business
ORD125627,2025-09-28 19:46:00,B2B,SKU0003,53,892.45,0.0,,Business
ORD125627,2025-09-28 20:38:00,B2B,SKU0006,82,775.37,0.0,,Business
ORD125627,2025-09-28 15:25:00,B2B,SKU0027,58,744.28,0.0,,Business
ORD125628,2025-09-28 13:37:00,ST05,SKU0052,1,208.57,0.0,,New
ORD125628,2025-09-28 15:19:00,ST05,SKU0027,1,744.28,0.0,,Returning
ORD125628,2025-09-28 10:29:00,ST05,SKU0003,2,892.45,0.0,,Returning
ORD125628,2025-09-28 20:42:00,ST05,SKU0003,1,892.45,0.0,,Returning
ORD125629,2025-09-28 22:12:00,ST04,SKU0007,3,705.44,0.0,,Returning
ORD125629,2025-09-28 15:16:00,ST04,SKU0021,1,31.55,0.0,,Returning
ORD125629,2025-09-28 20:19:00,ST04,SKU0034,3,364.75,0.0,,Returning
ORD125629,2025-09-28 21:10:00,ST04,SKU0031,2,912.28,0.0,,Returning
ORD125630,2025-09-28 21:07:00,WEB,SKU0027,1,744.28,0.0,,Returning
ORD125630,2025-09-28 12:27:00,WEB,SKU0050,1,142.58,0.0,,Returning
ORD125630,2025-09-28 15:55:00,WEB,SKU0003,3,892.45,0.0,,Returning
ORD125630,2025-09-28 12:45:00,WEB,SKU0003,2,892.45,0.0,,Returning
ORD125631,2025-09-28 08:49:00,ST05,SKU0050,2,142.58,0.0,,Returning
ORD125631,2025-09-28 11:05:00,ST05,SKU0027,1,744.28,0.0,,New
ORD125632,2025-09-28 20:45:00,ST01,SKU0029,3,898.86,0.0,,Returning
ORD125632,2025-09-28 10:17:00,ST01,SKU0050,3,142.58,0.0,,Returning
ORD125632,2025-09-28 20:29:00,ST01,SKU0050,3,142.58,0.0,,Returning
ORD125633,2025-09-28 09:15:00,ST05,SKU0029,1,898.86,0.0,,Returning
ORD125634,2025-09-28 08:52:00,ST02,SKU0050,2,142.58,0.0,,Returning
ORD125635,2025-09-28 18:27:00,ST02,SKU0027,3,744.28,0.0,,Returning
ORD125635,2025-09-28 10:22:00,ST02,SKU0003,3,892.45,0.0,,Returning
ORD125636,2025-09-28 12:22:00,ST05,SKU0050,3,142.58,0.0,,Returning
ORD125636,2025-09-28 09:33:00,ST05,SKU0050,2,142.58,0.0,,Returning
ORD125636,2025-09-28 14:35:00,ST05,SKU0047,3,486.3,0.0,,Returning
ORD125636,2025-09-28 18:02:00,ST05,SKU0020,3,481.01,0.0,,Returning
ORD125637,2025-09-28 09:49:00,ST02,SKU0050,1,142.58,0.0,,Returning
ORD125638,2025-09-28 18:52:00,ST05,SKU0027,3,744.28,0.0,,Returning
ORD125639,2025-09-28 15:23:00,WEB,SKU0042,1,641.67,0.0,,New
ORD125639,2025-09-28 18:38:00,WEB,SKU0003,3,892.45,0.0,,Returning
ORD125639,2025-09-28 11:00:00,WEB,SKU0003,1,892.45,0.0,,Returning
ORD125639,2025-09-28 12:29:00,WEB,SKU0020,3,481.01,0.0,,Returning
ORD125640,2025-09-28 19:26:00,ST03,SKU0031,3,912.28,0.0,,Returning
ORD125640,2025-09-28 22:39:00,ST03,SKU0050,2,142.58,0.0,,Returning
ORD125640,2025-09-28 11:14:00,ST03,SKU0003,1,892.45,0.0,,New
ORD125640,2025-09-28 11:43:00,ST03,SKU0048,3,321.8,0.0,,Returning
ORD125641,2025-09-28 11:34:00,ST01,SKU0050,2,142.58,0.0,,Returning
ORD125641,2025-09-28 10:19:00,ST01,SKU0050,3,142.58,0.0,,Returning
ORD125642,2025-09-28 19:39:00,ST06,SKU0032,2,796.41,0.0,,Returning
ORD125642,2025-09-28 09:42:00,ST06,SKU0050,3,142.58,0.0,,Returning
ORD125642,2025-09-28 20:03:00,ST06,SKU0050,2,142.58,0.0,,New
ORD125642,2025-09-28 12:05:00,ST06,SKU0029,3,898.86,0.0,,New
ORD125643,2025-09-28 10:03:00,ST03,SKU0050,1,142.58,0.0,,New
ORD125644,2025-09-28 16:15:00,ST04,SKU0019,3,757.09,0.0,,New
ORD125644,2025-09-28 21:29:00,ST04,SKU0027,1,744.28,0.0,,Returning
ORD125645,2025-09-28 21:23:00,ST01,SKU0003,2,892.45,0.0,,Returning
ORD125645,2025-09-28 22:28:00,ST01,SKU0050,1,142.58,0.0,,New
ORD125645,2025-09-28 14:08:00,ST01,SKU0003,3,892.45,0.0,,Returning
ORD125645,2025-09-28 10:01:00,ST01,SKU0003,1,892.45,0.0,,Returning
ORD125646,2025-09-28 17:39:00,ST02,SKU0004,3,109.56,0.0,,New
ORD125646,2025-09-28 09:36:00,ST02,SKU0003,1,892.45,0.0,,Returning
ORD125646,2025-09-28 13:45:00,ST02,SKU0050,1,142.58,0.0,,New
ORD125647,2025-09-28 22:24:00,B2B,SKU0050,56,142.58,0.0,,Business
ORD125647,2025-09-28 14:57:00,B2B,SKU0050,88,142.58,0.0,,Business
ORD125648,2025-09-28 22:47:00,ST06,SKU0007,3,705.44,0.0,,Returning
ORD125648,2025-09-28 17:54:00,ST06,SKU0003,2,892.45,0.0,,New
ORD125649,2025-09-28 20:34:00,ST01,SKU0003,2,892.45,0.0,,New
ORD125649,2025-09-28 09:21:00,ST01,SKU0048,3,321.8,0.0,,Returning
ORD125649,2025-09-28 11:02:00,ST01,SKU0003,3,892.45,0.0,,Returning
ORD125649,2025-09-28 09:26:00,ST01,SKU0050,2,142.58,0.0,,Returning
ORD125650,2025-09-28 08:18:00,ST02,SKU0050,2,142.58,0.0,,New
ORD125650,2025-09-28 08:55:00,ST02,SKU0003,2,892.45,0.0,,Returning
ORD125650,2025-09-28 15:05:00,ST02,SKU0039,1,551.25,0.0,,New
ORD125651,2025-09-28 18:15:00,WEB,SKU0020,1,481.01,0.0,,Returning
ORD125651,2025-09-28 11:42:00,WEB,SKU0003,1,892.45,0.0,,Returning
ORD125651,2025-09-28 15:21:00,WEB,SKU0031,2,912.28,0.0,,Returning
ORD125652,2025-09-28 15:44:00,WEB,SKU0050,1,142.58,0.0,,Returning
ORD125652,2025-09-28 22:43:00,WEB,SKU0050,3,142.58,0.0,,New
ORD125652,2025-09-28 09:08:00,WEB,SKU0003,1,892.45,0.0,,Returning
ORD125652,2025-09-28 19:01:00,WEB,SKU0019,2,757.09,0.0,,New
ORD125653,2025-09-28 13:18:00,ST01,SKU0031,2,912.28,0.0,,New
ORD125653,2025-09-28 10:15:00,ST01,SKU0006,3,775.37,0.0,,Returning
ORD125653,2025-09-28 16:09:00,ST01,SKU0004,3,109.56,0.0,,Returning
ORD125654,2025-09-28 17:20:00,ST03,SKU0048,2,321.8,0.0,,Returning
ORD125655,2025-09-28 19:40:00,ST01,SKU0048,3,321.8,0.0,,Returning
ORD125656,2025-09-28 10:57:00,ST05,SKU0043,3,526.02,0.0,,Returning
ORD125656,2025-09-28 09:13:00,ST05,SKU0050,3,142.58,0.0,,Returning
ORD125657,2025-09-28 09:41:00,ST06,SKU0027,2,744.28,0.0,,Returning
ORD125657,2025-09-28 19:52:00,ST06,SKU0048,2,321.8,0.0,,Returning
ORD125657,2025-09-28 08:51:00,ST06,SKU0003,2,892.45,0.0,,New
ORD125658,2025-09-28 18:07:00,ST04,SKU0050,3,142.58,0.0,,New
ORD125659,2025-09-28 16:26:00,ST06,SKU0050,3,142.58,0.0,,Returning
ORD125660,2025-09-28 21:24:00,ST05,SKU0050,1,142.58,0.0,,Returning
ORD125660,2025-09-28 15:39:00,ST05,SKU0031,2,912.28,0.0,,New
ORD125660,2025-09-28 18:44:00,ST05,SKU0027,1,744.28,0.0,,Returning
ORD125660,2025-09-28 14:45:00,ST05,SKU0003,3,892.45,0.0,,New
ORD125661,2025-09-28 09:10:00,ST05,SKU0003,1,892.45,0.0,,Returning
ORD125661,2025-09-28 12:58:00,ST05,SKU0003,2,892.45,0.0,,Returning
ORD125661,2025-09-28 17:08:00,ST05,SKU0003,1,892.45,0.0,,New
ORD125662,2025-09-28 20:28:00,B2B,SKU0030,73,862.27,0.0,,Business
ORD125662,2025-09-28 20:07:00,B2B,SKU0006,46,775.37,0.0,,Business
ORD125662,2025-09-28 16:18:00,B2B,SKU0013,108,43.38,0.0,,Business
ORD125663,2025-09-28 22:09:00,ST02,SKU0003,2,892.45,0.0,,Returning
ORD125663,2025-09-28 13:50:00,ST02,SKU0029,2,898.86,0.0,,Returning
ORD125663,2025-09-28 10:34:00,ST02,SKU0033,1,664.08,0.0,,New
ORD125664,2025-09-28 20:16:00,ST02,SKU0006,3,775.37,0.0,,Returning
ORD125665,2025-09-28 21:08:00,WEB,SKU0003,3,892.45,0.0,,Returning
ORD125666,2025-09-28 14:48:00,B2B,SKU0039,75,551.25,0.0,,Business
ORD125667,2025-09-28 16:27:00,ST02,SKU0003,2,892.45,0.0,,New
ORD125667,2025-09-28 10:44:00,ST02,SKU0050,2,142.58,0.0,,New
ORD125667,2025-09-28 16:37:00,ST02,SKU0027,2,744.28,0.0,,New
ORD125668,2025-09-28 18:13:00,ST03,SKU0003,2,892.45,0.0,,New
ORD125668,2025-09-28 12:52:00,ST03,SKU0050,3,142.58,0.0,,Returning
ORD125669,2025-09-28 10:49:00,ST01,SKU0003,2,892.45,0.0,,Returning
ORD125669,2025-09-28 21:12:00,ST01,SKU0031,1,912.28,0.0,,Returning
ORD125669,2025-09-28 08:52:00,ST01,SKU0031,3,912.28,0.0,,New
ORD125670,2025-09-28 22:24:00,ST01,SKU0003,3,892.45,0.0,,New
ORD125670,2025-09-28 12:36:00,ST01,SKU0031,2,912.28,0.0,,Returning
ORD125670,2025-09-28 12:15:00,ST01,SKU0039,3,551.25,0.0,,New
ORD125671,2025-09-28 22:21:00,WEB,SKU0050,3,142.58,0.0,,Returning
ORD125672,2025-09-28 20:24:00,ST02,SKU0039,3,551.25,0.0,,Returning
ORD125672,2025-09-28 19:48:00,ST02,SKU0027,1,744.28,0.0,,Returning
ORD125673,2025-09-28 21:16:00,ST01,SKU0050,1,142.58,0.0,,New
ORD125673,2025-09-28 11:11:00,ST01,SKU0007,1,705.44,0.0,,Returning
ORD125674,2025-09-28 22:17:00,ST04,SKU0050,1,142.58,0.0,,Returning
ORD125675,2025-09-28 22:22:00,ST03,SKU0050,1,142.58,0.0,,New
ORD125675,2025-09-28 18:24:00,ST03,SKU0031,3,912.28,0.0,,New
ORD125675,2025-09-28 16:17:00,ST03,SKU0007,1,705.44,0.0,,Returning
ORD125676,2025-09-28 13:06:00,ST04,SKU0031,2,912.28,0.0,,Returning
ORD125676,2025-09-28 08:39:00,ST04,SKU0050,2,142.58,0.0,,Returning
ORD125677,2025-09-28 14:54:00,ST01,SKU0032,2,796.41,0.0,,Returning
ORD125678,2025-09-28 08:13:00,B2B,SKU0050,97,142.58,0.0,,Business
ORD125679,2025-09-28 13:19:00,WEB,SKU0007,3,705.44,0.0,,Returning
ORD125679,2025-09-28 17:09:00,WEB,SKU0003,1,892.45,0.0,,New
ORD125680,2025-09-28 13:37:00,ST01,SKU0003,1,892.45,0.0,,Returning
ORD125680,2025-09-28 17:48:00,ST01,SKU0027,2,744.28,0.0,,Returning
ORD125680,2025-09-28 18:03:00,ST01,SKU0020,3,481.01,0.0,,Returning
ORD125681,2025-09-28 17:54:00,ST03,SKU0050,1,142.58,0.0,,Returning
ORD125681,2025-09-28 18:58:00,ST03,SKU0003,2,892.45,0.0,,New
ORD125682,2025-09-28 13:19:00,ST03,SKU0029,3,898.86,0.0,,Returning
ORD125682,2025-09-28 10:32:00,ST03,SKU0018,3,503.77,0.0,,Returning
ORD125683,2025-09-28 10:28:00,WEB,SKU0050,2,142.58,0.0,,Returning
ORD125683,2025-09-28 10:41:00,WEB,SKU0048,3,321.8,0.0,,New
ORD125684,2025-09-28 22:04:00,ST05,SKU0020,2,481.01,0.0,,Returning
ORD125684,2025-09-28 19:14:00,ST05,SKU0032,1,796.41,0.0,,Returning
ORD125684,2025-09-28 20:27:00,ST05,SKU0043,1,526.02,0.0,,Returning
ORD125684,2025-09-28 18:26:00,ST05,SKU0003,3,892.45,0.0,,Returning
ORD125685,2025-09-28 11:15:00,ST01,SKU0034,1,364.75,0.0,,Returning
ORD125685,2025-09-28 16:09:00,ST01,SKU0003,1,892.45,0.0,,New
ORD125685,2025-09-28 16:10:00,ST01,SKU0003,3,892.45,0.0,,Returning
ORD125685,2025-09-28 22:20:00,ST01,SKU0027,2,744.28,0.0,,Returning
ORD125686,2025-09-28 17:36:00,ST05,SKU0050,2,142.58,0.0,,Returning
ORD125687,2025-09-28 17:57:00,ST05,SKU0050,1,142.58,0.0,,Returning
ORD125687,2025-09-28 22:53:00,ST05,SKU0050,1,142.58,0.0,,Returning
ORD125687,2025-09-28 18:13:00,ST05,SKU0003,2,892.45,0.0,,New
ORD125688,2025-09-28 13:43:00,ST01,SKU0050,1,142.58,0.0,,Returning
ORD125688,2025-09-28 12:48:00,ST01,SKU0048,2,321.8,0.0,,New
ORD125688,2025-09-28 08:13:00,ST01,SKU0027,1,744.28,0.0,,New
ORD125688,2025-09-28 15:32:00,ST01,SKU0005,2,898.6,0.0,,Returning
ORD125689,2025-09-28 12:33:00,ST02,SKU0047,2,486.3,0.0,,New
ORD125689,2025-09-28 09:53:00,ST02,SKU0003,2,892.45,0.0,,Returning
ORD125690,2025-09-28 19:36:00,ST05,SKU0033,1,664.08,0.0,,Returning
ORD125691,2025-09-28 18:30:00,ST01,SKU0034,3,364.75,0.0,,Returning
ORD125691,2025-09-28 20:42:00,ST01,SKU0029,2,898.86,0.0,,New
ORD125691,2025-09-28 17:52:00,ST01,SKU0050,1,142.58,0.0,,New
ORD125692,2025-09-28 16:49:00,ST06,SKU0006,3,775.37,0.0,,Returning
ORD125692,2025-09-28 17:43:00,ST06,SKU0027,2,744.28,0.0,,Returning
ORD125693,2025-09-28 10:26:00,ST01,SKU0048,3,321.8,0.0,,Returning
ORD125693,2025-09-28 21:03:00,ST01,SKU0040,1,731.49,0.0,,New
ORD125694,2025-09-28 09:55:00,WEB,SKU0030,1,862.27,0.0,,Returning
ORD125695,2025-09-28 21:35:00,ST02,SKU0003,3,892.45,0.0,,Returning
ORD125695,2025-09-28 09:17:00,ST02,SKU0003,2,892.45,0.0,,Returning
ORD125695,2025-09-28 14:57:00,ST02,SKU0043,2,526.02,0.0,,Returning
ORD125696,2025-09-28 17:09:00,WEB,SKU0003,1,892.45,0.0,,Returning
ORD125696,2025-09-28 13:20:00,WEB,SKU0033,1,664.08,0.0,,New
ORD125696,2025-09-28 17:28:00,WEB,SKU0003,3,892.45,0.0,,Returning
ORD125697,2025-09-28 11:36:00,ST06,SKU0034,1,364.75,0.0,,New
ORD125697,2025-09-28 17:57:00,ST06,SKU0003,3,892.45,0.0,,New
ORD125697,2025-09-28 09:27:00,ST06,SKU0011,3,822.13,0.0,,New
ORD125697,2025-09-28 14:02:00,ST06,SKU0047,1,486.3,0.0,,New
ORD125698,2025-09-28 19:54:00,WEB,SKU0047,1,486.3,0.0,,Returning
ORD125699,2025-09-28 21:06:00,WEB,SKU0003,2,892.45,0.0,,New
ORD125699,2025-09-28 13:30:00,WEB,SKU0011,2,822.13,0.0,,New
ORD125699,2025-09-28 12:03:00,WEB,SKU0027,2,744.28,0.0,,Returning
ORD125700,2025-09-28 22:55:00,ST05,SKU0031,1,912.28,0.0,,Returning
ORD125700,2025-09-28 08:46:00,ST05,SKU0043,2,526.02,0.0,,Returning
ORD125700,2025-09-28 13:24:00,ST05,SKU0003,2,892.45,0.0,,Returning
ORD125701,2025-09-28 09:07:00,WEB,SKU0003,2,892.45,0.0,,New
ORD125702,2025-09-28 15:05:00,WEB,SKU0003,3,892.45,0.0,,Returning
ORD125702,2025-09-28 14:33:00,WEB,SKU0003,1,892.45,0.0,,New
ORD125703,2025-09-28 18:27:00,ST01,SKU0003,1,892.45,0.0,,Returning
ORD125703,2025-09-28 13:43:00,ST01,SKU0050,1,142.58,0.0,,New
ORD125703,2025-09-28 09:01:00,ST01,SKU0003,1,892.45,0.0,,Returning
ORD125704,2025-09-28 14:35:00,ST01,SKU0003,2,892.45,0.0,,Returning
ORD125705,2025-09-28 10:15:00,ST06,SKU0027,3,744.28,0.0,,Returning
ORD125706,2025-09-28 08:53:00,ST02,SKU0050,1,142.58,0.0,,New
ORD125706,2025-09-28 20:09:00,ST02,SKU0050,2,142.58,0.0,,Returning
ORD125706,2025-09-28 14:31:00,ST02,SKU0036,3,324.3,0.0,,New
ORD125706,2025-09-28 09:04:00,ST02,SKU0003,2,892.45,0.0,,New
