month,from_currency,to_currency,avg_rate,closing_rate
2025-04,USD,INR,83.6486,83.6023
2025-04,GBP,INR,106.2112,106.8583
2025-04,INR,INR,1.0,1.0
2025-05,USD,INR,83.6164,84.1446
2025-05,GBP,INR,106.7104,106.51
2025-05,INR,INR,1.0,1.0
2025-06,USD,INR,83.8353,83.6791
2025-06,GBP,INR,106.8,105.9826
2025-06,INR,INR,1.0,1.0
2025-07,USD,INR,84.1194,83.7786
2025-07,GBP,INR,107.2691,106.8795
2025-07,INR,INR,1.0,1.0
2025-08,USD,INR,85.4678,85.3906
2025-08,GBP,INR,107.5357,106.9229
2025-08,INR,INR,1.0,1.0
2025-09,USD,INR,85.1235,84.7316
2025-09,GBP,INR,108.1545,107.8947
2025-09,INR,INR,1.0,1.0
2025-10,USD,INR,85.1005,85.731
2025-10,GBP,INR,108.3306,107.8723
2025-10,INR,INR,1.0,1.0
2025-11,USD,INR,85.1243,85.1954
2025-11,INR,INR,1.0,1.0
2025-12,USD,INR,86.4383,86.4976
2025-12,GBP,INR,109.1122,108.9808
2025-12,INR,INR,1.0,1.0
2026-01,USD,INR,86.0422,85.8837
2026-01,GBP,INR,110.2799,110.4315
2026-01,INR,INR,1.0,1.0
2026-02,USD,INR,86.8982,86.7643
2026-02,GBP,INR,109.6023,109.8705
2026-02,INR,INR,1.0,1.0
2026-03,USD,INR,87.5356,87.2418
2026-03,GBP,INR,110.2589,110.405
2026-03,INR,INR,1.0,1.0
