movement_id,movement_date,store_code,sku,movement_type,quantity
MV202509280000,2025-09-28,ST01,SKU0003,GRN,249
MV202509280001,2025-09-28,ST04,SKU0002,GRN,195
MV202509280002,2025-09-28,ST04,SKU0003,GRN,187
MV202509280003,2025-09-28,ST05,SKU0003,GRN,110
MV202509280004,2025-09-28,ST06,SKU0003,GRN,210
MV202509280005,2025-09-28,WEB,SKU0003,GRN,238
MV202509280006,2025-09-28,WEB,SKU0027,GRN,142
MV202509280007,2025-09-28,WEB,SKU0039,GRN,229
MV202509280008,2025-09-28,WEB,SKU0050,GRN,247
MV202509280009,2025-09-28,B2B,SKU0003,GRN,1070
MV202509280010,2025-09-28,B2B,SKU0013,GRN,1403
MV202509280011,2025-09-28,B2B,SKU0050,GRN,792
MV202509280012,2025-09-28,ST02,SKU0005,SHRINKAGE,-2
MV202509280013,2025-09-28,ST02,SKU0024,SHRINKAGE,-1
MV202509280014,2025-09-28,WEB,SKU0018,EXPIRY,-2
MV202509280015,2025-09-28,ST01,SKU0039,SHRINKAGE,-3
MV202509280016,2025-09-28,ST02,SKU0032,EXPIRY,-1
MV202509280017,2025-09-28,WEB,SKU0035,EXPIRY,-4
MV202509280018,2025-09-28,ST04,SKU0017,SHRINKAGE,-3
MV202509280019,2025-09-28,ST02,SKU0002,SHRINKAGE,-2
MV202509280020,2025-09-28,B2B,SKU0015,DAMAGE,-1
